molecule_chembl_id,canonical_smiles,standard_value,bioactivity_class
CHEMBL310940,CN1CCN(CC2CC3c4ccccc4Cc4ccccc4N3O2)CC1,281.84,active
CHEMBL79496,CN(C)C(=O)C1CC2c3ccccc3Cc3ccccc3N2O1,1000.0,intermmediate
CHEMBL81485,CNCC1CC2c3ccccc3Cc3ccccc3N2O1,13.18,active
CHEMBL83658,CN(C)CC1CC2c3ccccc3Cc3ccccc3N2O1,1000.0,active
CHEMBL316438,c1ccc2c(c1)Cc1ccccc1N1OC(CN3CCCC3)CC21,25.12,active
CHEMBL275481,CCCN1CCN(Cc2ccccc2)CC12COc1cccc(OC)c1C2,24547.09,active
CHEMBL11409,CCCN1CCN(CCCCN2C(=O)CC3(CCCC3)CC2=O)CC12COc1cccc(OC)c1C2,11220.18,active
CHEMBL81377,CCC(=O)N(C1CCCCCCC1)C1CCN(CCCOc2ccc(F)cc2)CC1,12.59,intermmediate
CHEMBL159483,O=C1N[C@@H](Cc2ccc3[nH]cc(CCN4CC[C@@H](CNCc5ccccc5)C4)c3c2)CO1,3000.0,intermmediate
CHEMBL35226,CCCN1CCC(COc2nc3ccccc3c3c2CCCN3)CC1,5000.0,active
CHEMBL267615,CCc1[nH]c2ccc(OC)cc2c1CCN(C)C,620.0,active
CHEMBL189118,Cc1cc(N(C)CCN(C)C)nc2ccc(NC(=O)/C=C/c3ccc(OC(F)(F)F)cc3)cc12,1900.0,active
CHEMBL383530,O=S(=O)(c1cccc(F)c1)N1CCC(CCc2ccc(F)cc2F)CC1,319.0,inactive
CHEMBL218343,CC(C)(C)NC1=NCCNC(c2cccc(C(F)(F)F)c2)=C1,514.0,active
CHEMBL219215,CC1(NC2=NCCNC(c3ccc(F)cc3)=C2)CCCCC1,1.6,active
CHEMBL221305,CCC(C)(CC)NC1=NCCNC(c2ccc(C)cc2)=C1,14.9,active
CHEMBL221387,CC(C)(C)NC1=NCCNC(c2ccccc2)=C1,35.0,active
CHEMBL260907,CCOc1ccccc1N1CCN(CCCC(=O)NCc2nc3ccc(F)cc3c(=O)n2-c2ccccc2)CC1,10000.0,active
CHEMBL51,O=C(c1ccc(F)cc1)C1CCN(CCn2c(=O)[nH]c3ccccc3c2=O)CC1,32.0,active
CHEMBL506736,Cc1c(O[C@@H](C)c2cccc(F)c2)cccc1C1CCNCC1,1000.0,active
CHEMBL488060,CNCc1cc(F)ccc1Oc1ccc(Cl)c(Cl)c1,206.0,active
CHEMBL488912,CNCc1ccccc1Oc1ccc(Cl)c(Cl)c1,721.0,active
CHEMBL450714,CSc1ccc(Oc2ccccc2CN(C)C)cc1,458.0,active
CHEMBL488435,CNCc1cc(Br)ccc1Oc1ccc(Cl)c(Cl)c1,787.0,active
CHEMBL455423,COc1ccc(CN(C)C)c(Oc2ccc(Cl)c(Cl)c2)c1,36.8,active
CHEMBL451076,CNCc1cc(C#N)ccc1Oc1ccc(Cl)c(Cl)c1,3180.0,active
CHEMBL455675,CNCc1cc(F)c(Cl)cc1Oc1ccc(Cl)c(Cl)c1,230.0,active
CHEMBL472388,CNCc1cc(C(F)(F)F)ccc1Oc1ccc(C)cc1,34.7,active
CHEMBL507721,CCc1cc(Oc2ccc(F)cc2CNC)ccc1Cl,274.0,intermmediate
CHEMBL462387,CNCc1ccc(Cl)cc1Oc1ccc(Cl)cc1,6.59,active
CHEMBL455184,CNCc1ccc(Cl)cc1Oc1ccc(F)c(C)c1,32.9,intermmediate
CHEMBL565745,NCCn1cc(S(=O)(=O)c2cccc(Cl)c2)c2cccnc21,11.0,active
CHEMBL605309,O=S(=O)(c1ccccc1)c1c[nH]c2cccc(CCNC3CCCC3)c12,31.0,active
CHEMBL596148,CN(C)CCc1cccc2[nH]cc(S(=O)(=O)c3ccccc3)c12,459.0,active
CHEMBL605582,O=[N+]([O-])c1ccc(S(=O)(=O)N(CCCN2CCN(c3ccccc3)CC2)CC2CCCCC2)cc1,4.2,active
CHEMBL602285,O=S(=O)(c1cccc2cccnc12)N(CCCN1CCN(c2ccccc2)CC1)CC1CCCCC1,34.6,active
CHEMBL601886,O=S(=O)(c1cccc2cccnc12)N(CCCN1CCN(c2cccc(C(F)(F)F)c2)CC1)CC1CCCCC1,29.1,inactive
CHEMBL604952,O=S(=O)(c1cccc2cccnc12)N(CCCN1CCN(c2ccc(Cl)c(Cl)c2)CC1)CC1CCCCC1,7.7,intermmediate
CHEMBL601673,O=S(=O)(c1ccc(F)cc1)N(CCCN1CCN(c2ccccc2)CC1)CC1CC1,142.0,active
CHEMBL601037,O=[N+]([O-])c1ccc(S(=O)(=O)N(CCCN2CCN(c3ccccc3)CC2)CC2CC2)cc1,180.0,active
CHEMBL601249,COc1ccc(S(=O)(=O)N(CCCN2CCN(c3ccccc3)CC2)CC2CC2)cc1,136.0,active
CHEMBL603093,CC(CCN1CCN(c2cccc(C(F)(F)F)c2)CC1)NS(=O)(=O)c1ccc2ccccc2c1,180.0,active
CHEMBL602064,COc1ccc(NC(=O)Nc2cccc(F)c2)cc1-c1c(Br)cnn1C,0.7943,active
CHEMBL599225,COc1ccc(NC(=O)Nc2ccc(Br)cc2)cc1-c1c(Br)cnn1C,0.5012,active
CHEMBL604586,COc1ccc(NC(=O)Nc2ccc(Cl)cc2)cc1-c1c(Br)cnn1C(C)C,1.259,inactive
CHEMBL599193,CCOc1ccc(NC(=O)Nc2ccc(Cl)cc2)cc1-c1c(Br)cnn1C,1.585,active
CHEMBL597152,Cn1ncc(Br)c1-c1cc(NC(=O)Nc2ccc(Cl)cc2)ccc1OCCc1ccccc1,50.12,active
CHEMBL598171,COc1ccc(NC(=O)Nc2cc(F)cc(F)c2)cc1-c1c(Br)cnn1C,1.259,active
CHEMBL604082,COc1ccc(NC(=O)Nc2ccc(Cl)cc2C(F)(F)F)cc1-c1c(Br)cnn1C,2.512,active
CHEMBL1080215,Cc1[nH]c(-c2ccccc2)cc1C(=O)NCCCN1CCN(c2cccc(Cl)c2)CC1,245.0,active
CHEMBL1080728,CCCn1c(-c2ccccc2)cc(C(=O)NCCCN2CCN(c3cccc(Cl)c3)CC2)c1C,191.0,active
CHEMBL1081644,Cc1cccc(N2CCN(CCCNC(=O)c3cc(-c4ccccc4)n(C)c3C)CC2)c1C,57.0,active
CHEMBL1086755,CCn1c(-c2ccccc2)cc(C(=O)NCCCN2CCN(c3cccc(Cl)c3Cl)CC2)c1C,376.0,active
CHEMBL1080555,CCCn1c(-c2ccccc2)cc(C(=O)NCCCCN2CCN(c3cccc(C)c3C)CC2)c1C,792.0,active
CHEMBL1080726,Cc1c(C(=O)NCCCN2CCN(c3cccc(Cl)c3)CC2)cc(-c2ccccc2)n1C,92.0,active
CHEMBL1214302,Cc1[nH]c(-c2ccccc2)c(C)c1C(=O)NCCN1CCN(c2cccc(Cl)c2Cl)CC1.Cl,37.0,inactive
CHEMBL1081468,Cc1cccc(N2CCN(CCCNC(=O)c3cc(-c4ccccc4)[nH]c3C)CC2)c1C,300.0,intermmediate
CHEMBL1214426,CCCn1c(-c2ccc(Cl)cc2)cc(C(=O)NCCCN2CCN(c3cccc(C)c3C)CC2)c1C.Cl,192.0,active
CHEMBL1214489,CCCn1c(-c2ccc(Cl)cc2)cc(C(=O)NCCCN2CCN(c3cccc(Cl)c3Cl)CC2)c1C.Cl,333.0,active
CHEMBL1213676,Cc1c(Cl)cccc1N1CCN(CCNC(=O)c2cc(C(C)(C)C)n(C)c2C)CC1,233.0,active
CHEMBL1221449,CN1CCN(c2cccc(N(CC3CC3)S(=O)(=O)c3ccc4ccccc4c3)c2)CC1,88.0,active
CHEMBL1222134,CC(C)N(c1cccc(N2CCN(C)CC2)c1)S(=O)(=O)c1ccc2ccccc2c1,118.0,active
CHEMBL1272041,COc1c(C)nc(C)nc1C(=O)NCCN1CCN(c2cccc(C)c2C)CC1.Cl,842.0,active
CHEMBL1271985,Cc1cc(C(=O)NCCCN2CCN(c3cccc(C)c3C)CC2)nc(C2CC2)n1.Cl,256.0,active
CHEMBL1271930,CSc1nc(C)cc(C(=O)NCCN2CCN(c3cccc(C)c3C)CC2)n1.Cl,47.0,active
CHEMBL1271874,Cc1cc(C(=O)NCCN2CCN(c3cccc(C)c3C)CC2)nc(C(C)(C)C)n1.Cl,69.0,intermmediate
CHEMBL1275709,CN(C)[C@@H]1CC[C@H](c2c[nH]c3ccc(C#N)cc23)C1,840.0,active
CHEMBL1642123,CC1CC(=O)c2c(N3CCN(C)CC3)cccc2N1S(=O)(=O)c1ccc2ccccc2c1,48.0,active
CHEMBL3215630,Cc1nc(C(=O)NCCCN2CCN(c3cccc(Cl)c3Cl)CC2)c(C)n1-c1ccc2c(c1)OCCO2.Cl.Cl.Cl.Cl,8.63,active
CHEMBL3215850,Cc1c(Cl)cccc1N1CCN(CCCNC(=O)c2nc(-c3ccccc3)n(-c3ccccc3)c2Cn2cncn2)CC1.Cl.Cl.Cl,12.3,active
CHEMBL3216959,Cc1c(Cl)cccc1N1CCN(CCCNC(=O)c2nc(-c3ccccc3)n(-c3ccc(F)cc3)c2C)CC1.Cl.Cl.Cl,12.2,active
CHEMBL3216094,COc1cc(OC)cc(-n2c(C)nc(C(=O)NCCCN3CCN(c4cccc(C)c4C)CC3)c2C)c1.Cl.Cl,32.0,active
CHEMBL3216975,CCCc1nc(C(=O)NCCCN2CCN(c3cccc(Cl)c3C)CC2)c(C)n1-c1ccc2c(c1)OCCO2.Cl.Cl.Cl,47.0,inactive
CHEMBL3216288,Cc1c(Cl)cccc1N1CCN(CC(O)CNC(=O)c2nc(C)n(-c3ccccc3F)c2C)CC1.Cl.Cl.Cl,197.0,active
CHEMBL3216290,Cc1c(Cl)cccc1N1CCN(CC(O)CNC(=O)c2nc(C)n(-c3ccc(F)cc3)c2C)CC1.Cl.Cl.Cl,254.0,active
CHEMBL3216076,Cc1cccc(N2CCN(C[C@H](O)CNC(=O)c3nc(C)n(-c4ccccc4)c3C)CC2)c1C.Cl.Cl,72.5,active
CHEMBL3216302,CCCc1nc(C(=O)NCCCN2CCN(c3cccc(Cl)c3Cl)CC2)c(C)n1-c1ccccc1.Cl.Cl.Cl.Cl,21.0,active
CHEMBL629,CN(C)CCC=C1c2ccccc2CCc2ccccc21,15.0,active
CHEMBL1289,Clc1cc(Cl)c(OCC#CI)cc1Cl,2421.0,active
CHEMBL954,CCN(CC)CCOc1ccc(/C(=C(/Cl)c2ccccc2)c2ccccc2)cc1,3308.0,active
CHEMBL71,CN(C)CCCN1c2ccccc2Sc2ccc(Cl)cc21,3.851,active
CHEMBL564,CN(C)CCCN1c2ccccc2Sc2ccccc21,23.0,active
CHEMBL597,Cc1ccc(N(CC2=NCCN2)c2cccc(O)c2)cc1,359.0,active
CHEMBL728,CN1CCN(CCCN2c3ccccc3Sc3ccc(Cl)cc32)CC1,7.062,active
CHEMBL98350,O=c1cc(N2CCOCC2)oc2c(-c3ccccc3)cccc12,2796.0,intermmediate
CHEMBL452861,CC(C)NC[C@H](O)COc1cccc2ccccc12,1883.0,active
CHEMBL1933402,CCCc1ccc(S(=O)(=O)N(C)C2CCN(C)CC2)cc1,329.0,active
CHEMBL1933405,CN1CCC(N(C)S(=O)(=O)c2ccc(OC(F)(F)F)cc2)CC1,2448.0,active
CHEMBL1933406,CN1CCC(N(C)S(=O)(=O)c2ccc(C#N)cc2)CC1,10000.0,intermmediate
CHEMBL422931,FC(F)(F)c1cc(COCC2(c3ccccc3)CCNCC2)cc(C(F)(F)F)c1,1000.0,active
CHEMBL2376484,Cc1[nH]c2ccc(OS(=O)(=O)C(F)(F)F)cc2c1C1=CCNCC1,1000.0,active
CHEMBL2376487,Cc1[nH]c2ccc([N+](=O)[O-])cc2c1C1=CCNCC1,1000.0,active
CHEMBL2393250,CCCNc1nc(Nc2ccccc2)c2cn[nH]c2n1,10000.0,active
CHEMBL2393261,C=CCNc1nc(Nc2ccc(F)cc2)c2cn[nH]c2n1,6577.0,active
CHEMBL2393269,Fc1ccc(Nc2nc(N3CCOCC3)nc3[nH]ncc23)cc1,2618.0,inactive
CHEMBL2393264,Fc1ccc(Nc2nc(NCc3ccccc3)nc3[nH]ncc23)cc1,1268.0,active
CHEMBL2393403,COc1cccc(Nc2nc(N3CCN(c4ccc(F)cc4)CC3)nc3[nH]ncc23)c1,350.0,active
CHEMBL2393275,Fc1ccc(Nc2nc(N3CCN(Cc4ccccc4)CC3)nc3[nH]ncc23)cc1,52.2,active
CHEMBL3338677,CCCCCCCCCCCCCCCC(=O)N[C@H](C(=O)N[C@H](C(=O)N[C@@H](CC(C)C)C(=O)N1CCC[C@H]1C(=O)N[C@@H](CC(C)C)C(=O)N[C@@H](Cc1c[nH]c2ccccc12)C(=O)N[C@@H](C)C(=O)N[C@H](C(=O)N[C@@H](Cc1ccc(O)cc1)C(=O)N[C@H](C(=O)N[C@@H](Cc1ccc(O)cc1)C(=O)N[C@@H](CCCNC(=N)N)C(N)=O)[C@@H](C)O)[C@@H](C)O)[C@@H](C)O)C(C)C,30000.0,
CHEMBL3398394,COc1ccc(S(=O)(=O)n2cc(/C=N/N=C/N(C)C)c3c([N+](=O)[O-])cccc32)cc1,205.0,
CHEMBL51,O=C(c1ccc(F)cc1)C1CCN(CCn2c(=O)[nH]c3ccccc3c2=O)CC1,11.0,
CHEMBL3601022,OC[C@H]1CCCN1CCOc1ccc(C#Cc2ccc(-c3ccc(Cl)cc3)cn2)cc1,1640.0,
CHEMBL3600974,O=C(CCc1ccc(-c2ccc(Cl)cc2)cc1)Nc1ccc(CN2CCCCC2)cc1,138.0,
CHEMBL3601030,COc1ccc(-c2ccc(CCCNc3ccc(CN4CCCC4)cc3)nn2)cc1,4540.0,
CHEMBL1852503,Cc1nc(C(=O)NCCCN2CCN(c3cccc(Cl)c3Cl)CC2)c(C)n1-c1ccc2c(c1)OCCO2,8.63,
CHEMBL1852373,COc1ccc(-n2cc(C(=O)NCCCN3CCN(c4cccc(C)c4C)CC3)nc2-c2ccccc2)cc1,19.0,
CHEMBL1852501,Cc1cccc(N2CCN(C[C@H](O)CNC(=O)c3nc(C)n(-c4ccccc4)c3C)CC2)c1C,72.5,
CHEMBL1852485,COc1ccc(-n2c(C)nc(C(=O)NCCCN3CCN(c4cccc(Cl)c4Cl)CC3)c2C)cc1,20.0,
CHEMBL1852359,Cc1cccc(N2CCN(CCCNC(=O)c3nc(C)n(-c4ccccc4Cl)c3C)CC2)c1C,80.0,
CHEMBL3681370,Cc1ccc(-n2c(C)nc(C(=O)NCC(O)CN3CCN(c4cccc(C)c4C)CC3)c2C)cc1,68.2,
CHEMBL3681371,CCc1c(C(=O)NCCCN2CCN(c3cccc(Cl)c3)CC2)nc(-c2ccc(Cl)cc2Cl)n1-c1ccc(Br)cc1,1262.0,
CHEMBL1852552,Cc1c(Cl)cccc1N1CCN(CCCNC(=O)c2nc(C)n(-c3ccccc3F)c2C)CC1,40.0,
CHEMBL1852505,COc1ccc(-n2c(C)nc(C(=O)NCCCN3CCN(c4cccc(Cl)c4C)CC3)c2C)cc1,23.1,
CHEMBL1852358,Cc1c(Cl)cccc1N1CCN(C[C@@H](O)CNC(=O)c2nc(-c3ccccc3)n(-c3ccc(F)cc3)c2C)CC1,20.1,
CHEMBL3681354,CCc1c(C(=O)NCCCN2CCN(c3cccc(C)c3C)CC2)nc(-c2ccc(Cl)cc2Cl)n1-c1ccc(Br)cc1,127.0,
CHEMBL1852374,Cc1cccc(N2CCN(C[C@@H](O)CNC(=O)c3nc(C)n(-c4ccccc4)c3C)CC2)c1C,646.0,
CHEMBL27,CC(C)NCC(O)COc1cccc2ccccc12,5011.87,
CHEMBL3805649,CNC(=O)c1cc(OCCCCN2CCN(c3cccc4sccc34)CC2)ccc1F,80.0,
CHEMBL3805165,CNC(=O)c1cccc(OCCCCN2CCN(c3cccc4c3OC(F)(F)O4)CC2)c1,10000.0,
CHEMBL3652596,Cn1ncc(Cl)c1-c1cc(NC(=O)C(=O)c2cc(Br)cs2)ccc1OCCN,1.2,
CHEMBL3665547,COc1cccc(C(=O)Nc2ccc(OCCO)c(-c3c(Cl)cnn3C)c2)c1,0.51,
CHEMBL4096467,Cc1nc2n(c(=O)c1CCN1CCC(c3noc4cc(F)ccc34)CC1)CCCC2(F)F.Cl,7.1,
CHEMBL1621,Cc1nc2n(c(=O)c1CCN1CCC(c3noc4cc(F)ccc34)CC1)CCCC2O,5.2,
CHEMBL4060678,Cc1nc2n(c(=O)c1CCN1CCN(c3nsc4ccccc34)CC1)CCCC2O,5.18,
CHEMBL4083333,Cc1nc2n(c(=O)c1CCN1CCN(c3cccc4sccc34)CC1)CCCC2,1.19,
CHEMBL4087246,Cc1nc2n(c(=O)c1CCN1CCN(c3cccc4c3CCS4)CC1)CCCC2O,26.4,
CHEMBL4064609,Cc1nc2n(c(=O)c1CCN1CCN(c3ncnc4sccc34)CC1)CCCC2O,1110.0,
CHEMBL4171368,CCC[C@@H](CCO)Nc1nc(N)nc2cc(OC)ccc12,1780.0,
CHEMBL4205326,CNC(=O)c1cncc(OCCCCN2CCN(c3nsc4cc(F)ccc34)CC2)c1,152.0,
CHEMBL4218526,CCNC(=O)c1cncc(OCCCCN2CCC(c3noc4cc(F)ccc34)CC2)c1,94.2,
CHEMBL4214528,CNC(=O)c1cc(OCCCCN2CCN(c3cccc(Cl)c3Cl)CC2)ccn1,476.0,
CHEMBL4209705,CCNC(=O)c1ccnc(OCCCCN2CCC(c3noc4cc(F)ccc34)CC2)c1,67.5,
CHEMBL4205772,CNC(=O)c1cccc(OCCCCN2CCC(c3noc4cc(F)ccc34)CC2)n1,134.0,
CHEMBL4202443,CNC(=O)c1cccc(OCCCCN2CCN(c3cccc4sccc34)CC2)n1,106.0,
CHEMBL1112,O=C1CCc2ccc(OCCCCN3CCN(c4cccc(Cl)c4Cl)CC3)cc2N1,1100.0,
CHEMBL4227059,COc1c(OCCOCCOc2cn(CCOCCOc3cccc([C@H](O)C4CCN(CCc5ccc(F)cc5)CC4)c3OC)nn2)cccc1[C@H](O)C1CCN(CCc2ccc(F)cc2)CC1,36.31,
CHEMBL4227059,COc1c(OCCOCCOc2cn(CCOCCOc3cccc([C@H](O)C4CCN(CCc5ccc(F)cc5)CC4)c3OC)nn2)cccc1[C@H](O)C1CCN(CCc2ccc(F)cc2)CC1,36.5,
CHEMBL4284346,O=C1[C@@H]2[C@H]3CC[C@H](C3)[C@@H]2C(=O)N1CCCCN1CCN(c2cccc3sccc23)CC1,27.5,
CHEMBL4277532,O=C1[C@@H]2[C@H](C(=O)N1CCCCN1CCN(c3nsc4ccccc34)CC1)[C@H]1C=C[C@@H]2C1,35.8,
CHEMBL4292655,O=C1[C@@H]2[C@H](C(=O)N1CCCN1CCN(c3cccc4sccc34)CC1)[C@H]1C=C[C@@H]2C1,113.0,
CHEMBL285157,C1=C(c2c[nH]c3ccccc23)CCN(Cc2ccccc2)C1,2618.0,
CHEMBL4635232,CCOC(=O)Cc1nn(CNC(=O)CCCN2CCN(c3cccc(C)c3C)CC2)c(=O)c2c(F)cccc12,104.0,
CHEMBL4645247,Cc1cccc(N2CCN(CCCC(=O)NCn3nc(CC(N)=O)c4ccccc4c3=O)CC2)c1C,256.0,
CHEMBL4639499,CC(C)COc1ccc(CNC(=O)N(Cc2ccc(F)cc2)C2CCN(S(C)(=O)=O)CC2)cc1,2018.0,
CHEMBL4635414,O=c1n(CCCCN2CCN(c3cccc4sccc34)CC2)nc2c(F)cc(F)cn12,27.0,
CHEMBL489624,COc1c(O)cccc1C(=O)C1CCN(CCc2ccc(F)cc2)CC1,11.0,
CHEMBL4638687,COc1c(OCCOCCOCCOCCOCCOCCOc2ccc(C3CCN(c4ccn5c(CC6CC6)nnc5c4Cl)CC3)cc2)cccc1C(=O)C1CCN(CCc2ccc(F)cc2)CC1,270.0,
CHEMBL4638006,COc1cccc(C(=O)C2CCN(CCc3ccc(F)cc3)CC2)c1OC,0.8128,
CHEMBL4646835,COc1cccc(C2CCN(c3ccn4c(CC5CC5)nnc4c3Cl)CC2)c1,4168.69,
CHEMBL4645305,COCCOc1ccc(C2CCN(c3ccn4c(CC5CC5)nnc4c3Cl)CC2)cc1,50118.72,
CHEMBL4752859,CC(C)N(CCCN1CCN(c2cccc(Cl)c2Cl)CC1)C(=O)c1ccccc1,2008.0,
CHEMBL5077004,CCn1cc(CCN(C)C)c2c(O)cccc21,196.0,
CHEMBL5092058,Cc1cn([C@H](C)CC#N)c(=O)c2cc(Cn3nc(C(F)F)cc3Cl)nn12,10000.0,
CHEMBL2111101,CC(C)COc1ccc(CNC(=O)N(Cc2ccc(F)cc2)C2CCN(C)CC2)cc1,27.3,
CHEMBL5198862,CC(C)COc1ccc(CNC(=O)N(Cc2ccc(F)cc2)C2CCN(CC(=O)N(C)C)CC2)cc1,252.0,
CHEMBL5175451,CN1CCC(N(Cc2ccc(F)cn2)C(=O)NCc2ccc(OCCCC(F)F)cc2)CC1,4.29,
CHEMBL5194545,CN1CCC(N(Cc2ccc(F)cn2)C(=O)NCc2ccc3c(c2)CCC(C)(C)O3)CC1,21.25,
CHEMBL5200155,CN1CCC(N(Cc2ccc(F)cn2)C(=O)NCc2ccc3c(c2)C=CC(C)(C)O3)CC1,17.27,
CHEMBL2111101,CC(C)COc1ccc(CNC(=O)N(Cc2ccc(F)cc2)C2CCN(C)CC2)cc1,50.0,
CHEMBL5198862,CC(C)COc1ccc(CNC(=O)N(Cc2ccc(F)cc2)C2CCN(CC(=O)N(C)C)CC2)cc1,86.4,
CHEMBL5172822,CN1CCC(N(Cc2ccc(F)cn2)C(=O)NCc2ccc(OCC(F)F)cc2)CC1,6.01,
CHEMBL5184906,CN1CCC(N(Cc2ccc(F)cn2)C(=O)NCc2ccc(OCCC(F)(F)F)cc2)CC1,2.23,
CHEMBL5181432,CN1CCC(N(Cc2ccc(F)cn2)C(=O)NCc2ccc(CCC(F)(F)F)cc2)CC1,872.4,
CHEMBL5181200,CC(C)CCc1ccc(CNC(=O)N(Cc2ccc(F)cn2)C2CCN(C)CC2)cc1,42.74,
CHEMBL5208211,CC(C)Cc1ccc(CNC(=O)N(Cc2ccc(F)cn2)C2CCN(C)CC2)cc1,8.3,
CHEMBL5185362,CN1CCC(N(Cc2ccc(F)cn2)C(=O)NCc2ccc(OCC(F)(F)F)c(F)c2)CC1,9.79,
CHEMBL5192882,CN1CCC(N(Cc2ccc(F)cn2)C(=O)NCc2ccc(OCC(F)(F)F)c(C(F)(F)F)c2)CC1,30.49,
CHEMBL5179185,CC(C)COc1ccc(CNC(=O)N(Cc2ccc(F)nc2)C2CCN(C)CC2)cc1,500.0,
CHEMBL4635134,CNC(=O)c1cc(C(=O)NC2CC2)cn(Cc2ccccc2)c1=O,25118.86,
CHEMBL5423590,O=C1C[C@]2(CN3CCC2CC3)Oc2ccc(F)cc21,10000.0,
CHEMBL5409198,COc1ccc2c(c1)C(=O)C[C@]1(CN3CCC1CC3)O2,10000.0,
CHEMBL5428071,O=C1C[C@]2(CN3CCC2CC3)Oc2c1ccc1ccccc21,50000.0,
CHEMBL1852372,CCCc1nc(C(=O)NCCCN2CCN(c3cccc(Cl)c3Cl)CC2)c(C)n1-c1ccccc1,21.0,
CHEMBL3681352,Cc1nc(C(=O)NCCCN2CCN(c3cccc(Cl)c3Cl)CC2)c(C)n1-c1ccc(Cl)cc1,30.0,
CHEMBL3681354,CCc1c(C(=O)NCCCN2CCN(c3cccc(C)c3C)CC2)nc(-c2ccc(Cl)cc2Cl)n1-c1ccc(Br)cc1,127.0,
CHEMBL1852779,COc1cc(OC)cc(-n2c(C)nc(C(=O)NCCCN3CCN(c4cccc(C)c4C)CC3)c2C)c1,32.0,
CHEMBL3681362,Cc1cccc(N2CCN(CCNC(=O)c3nc(C(C)C)n(-c4ccccc4)c3C)CC2)c1C,16.0,
CHEMBL3681365,CCCc1nc(C(=O)NCC(O)CN2CCN(c3cccc(C)c3C)CC2)cn1-c1ccccc1,504.0,
CHEMBL3681366,Cc1cccc(N2CCN(CCCNC(=O)c3nc(C)n(-c4ccccn4)c3C)CC2)c1C,297.0,
CHEMBL1852513,Cc1cccc(N2CCN(C[C@@H](O)CNC(=O)c3nc(C)n(-c4ccccc4F)c3C)CC2)c1C,244.0,
CHEMBL1852358,Cc1c(Cl)cccc1N1CCN(C[C@@H](O)CNC(=O)c2nc(-c3ccccc3)n(-c3ccc(F)cc3)c2C)CC1,20.1,
CHEMBL5777902,O=C(c1cccn2ccnc12)N1CCN(CC(F)c2ccc(F)cc2)CC1,10.0,
CHEMBL6004129,COc1ccccc1N1CCN(CCCCOc2ccc3c(c2)NC(=O)CO3)CC1,262.0,
CHEMBL4116465,Cc1nc2n(c(=O)c1CCN1CCN(c3cccc4sccc34)CC1)CCC=C2,77.2,
CHEMBL4102561,Cc1nc2c(O)cccn2c(=O)c1CCN1CCN(c2cccc3sccc23)CC1,71.3,
CHEMBL5810422,O=c1ccc2ccc(CCN3CCN(c4cccc5c4CCS5)CC3)cc2[nH]1,77.9,
CHEMBL4116744,Cc1nc2n(c(=O)c1CCN1CCN(c3cccc4sccc34)CC1)CCCC2(F)F,25.4,
CHEMBL6058232,O=c1[nH]c2ccc(CCN3CCN(c4cccc5sccc45)CC3)cc2s1,7.64,
CHEMBL4091554,Cc1nc2n(c(=O)c1CCN1CCN(c3cncc4sccc34)CC1)CCCC2O,65.4,
CHEMBL5885759,O=C1CCc2ccc(CCN3CCC(c4cccc5sccc45)CC3)cc2N1,25.0,
CHEMBL6007113,O=C1CCc2ccc(CCN3CCN(c4cc(F)cc5sccc45)CC3)cc2N1,77.5,
CHEMBL5885838,Cc1nc2n(c(=O)c1CCN1CCN(c3cc(F)cc4sccc34)CC1)CCCC2,13.6,
CHEMBL4117823,Cc1nc2n(c(=O)c1CCN1CCC(c3cccc4sccc34)CC1)CCCC2,5.12,
CHEMBL5836576,O=c1ccc2ccc(CCN3CCN(c4cc(F)cc5sccc45)CC3)cc2[nH]1,1900.0,
CHEMBL6054287,COc1ccc2[nH]cc(CCN3CCN(c4cccc5sccc45)CC3)c2c1,25.5,
CHEMBL5874145,CC(=O)Nc1nc2cc(CCN3CCN(c4cccc5sccc45)CC3)ccc2s1,75.0,
CHEMBL5925470,O=C1N[C@@H]2[C@@H](CS[C@@H]2CCCCCN2CCN(c3cccc4sccc34)CC2)N1,16.7,
CHEMBL3652594,Cn1ncc(Cl)c1-c1cc(NC(=O)c2ccc(F)c(C(F)(F)F)c2)ccc1OCCN,1.0,
CHEMBL5222105,CN1CCC[C@@H]1Cc1c[nH]c2cccc(F)c12,2750.0,
CHEMBL5221172,COc1cccc2[nH]cc(C[C@H]3CCCN3C)c12,2750.0,
CHEMBL83220,CN(CC1CC2c3ccccc3Cc3ccccc3N2O1)C(=O)C(F)(F)F,1000.0,
CHEMBL79838,Clc1cccc(N2CCN(CC3CC4c5ccccc5Cc5ccccc5N4O3)CC2)c1,1000.0,
CHEMBL313189,CN(C)CCC1CC2c3ccccc3Cc3ccccc3N2O1,91.2,
CHEMBL6437,CN1CCN2c3ccccc3Cc3ccccc3C2C1,10.47,
CHEMBL315772,CN(C)CC1CC2c3ccccc3Cc3ccc(Cl)cc3N2O1,3.467,
CHEMBL141209,COC1Cc2ccccc2C2(CCN(Cc3ccccc3)CC2)O1,6600.0,
CHEMBL116735,O=C(CCc1ccc(F)cc1)N1CCN(CCCC(c2ccc(F)cc2)c2ccc(F)cc2)CC1,1030.0,
CHEMBL117537,O=C(CCCc1ccccc1)N1CCN(CCCC(c2ccc(F)cc2)c2ccc(F)cc2)CC1,950.0,
CHEMBL420965,c1ccc(CNC[C@@H]2CCN(CCc3c[nH]c4ccc(-n5cnnc5)cc34)C2)cc1,4400.0,
CHEMBL84931,CN(C)CC1CC2c3ccccc3Cc3ccc(F)cc3N2O1,1.148,
CHEMBL83658,CN(C)CC1CC2c3ccccc3Cc3ccccc3N2O1,22.91,
CHEMBL82635,Cc1cccc2c1Cc1ccccc1C1CC(CN(C)C)ON21,91.2,
CHEMBL85735,Cc1ccc2c(c1)N1OC(CN(C)C)CC1c1ccccc1C2,3.09,
CHEMBL84810,CN(C)CC1CC2c3c(cccc3C(F)(F)F)Cc3ccccc3N2O1,67.61,
CHEMBL6437,CN1CCN2c3ccccc3Cc3ccccc3C2C1,20.89,
CHEMBL313714,OC[C@H](NC1CCN(CCCc2c[nH]c3ccc(-n4cnnc4)cc23)CC1)c1ccc(F)cc1,1100.0,
CHEMBL179578,c1ccc2nc(N3CCN(C4CC4)CC3)ccc2c1,10000.0,
CHEMBL218479,CCC(C)(CC)NC1=NCCNC(c2ccccc2F)=C1,14.5,
CHEMBL218336,CCN(CC)C1=NCCNC(c2ccc(C)cc2)=C1,1000.0,
CHEMBL259199,CCOc1ccccc1N1CCN(CCCC(=O)NCc2nc3cc(F)ccc3c(=O)n2-c2ccc(OC)cc2)CC1,2100.0,
CHEMBL493816,COc1ccc(S(=O)(=O)NCCCN2CCN(c3ccc(F)cc3)CC2)cc1,74.0,
CHEMBL51,O=C(c1ccc(F)cc1)C1CCN(CCn2c(=O)[nH]c3ccccc3c2=O)CC1,2.5,
CHEMBL471663,CCCCN1CCC(COc2nc3ccsc3n3cccc23)CC1,165.96,
CHEMBL472389,CNCc1cc(F)ccc1Oc1ccccc1,670.0,
CHEMBL257423,CN(C)Cc1ccccc1Oc1ccc(Cl)cc1,1980.0,
CHEMBL447733,CN(C)Cc1ccccc1Oc1ccc(F)c(F)c1,1000.0,
CHEMBL488437,CNC(C)c1cc(F)ccc1Oc1ccc(Cl)c(Cl)c1,301.0,
CHEMBL500329,CNCc1ccc(OC)cc1Oc1ccc(Cl)c(Cl)c1,105.0,
CHEMBL453879,CNCc1ccc(Cl)cc1Oc1ccc(F)c(Cl)c1,60.9,
CHEMBL569475,Cn1ncc(Br)c1-c1cc(NC(=O)Nc2ccc(Cl)cc2)ccc1OCCN1CCCC1,1.9,
CHEMBL594519,CC(C)NCCCc1cccc2[nH]cc(S(=O)(=O)c3ccccc3)c12,5979.0,
CHEMBL601250,COc1ccc(S(=O)(=O)N(CCCN2CCN(c3ccccc3OC)CC2)CC2CC2)cc1,2210.0,
CHEMBL602677,COc1ccccc1N1CCN(CCCN(CC2CC2)S(=O)(=O)c2cccc3cccnc23)CC1,561.0,
CHEMBL602889,O=S(=O)(c1cccc2cccnc12)N(CCCN1CCN(c2ccc(F)cc2)CC1)CC1CC1,8.3,
CHEMBL603499,COc1ccccc1N1CCN(CCC(C)NS(=O)(=O)c2ccc3ccccc3c2)CC1,664.0,
CHEMBL591223,COc1ccc(NC(=O)Nc2ccc(Cl)cc2)cc1-c1c(Br)cnn1C,0.7943,
CHEMBL603078,COc1ccc(NC(=O)Nc2ccc(F)cc2)cc1-c1c(Br)cnn1C,0.2512,
CHEMBL599226,COc1ccc(NC(=O)Nc2cccc(C(F)(F)F)c2)cc1-c1c(Br)cnn1C,0.3981,
CHEMBL596975,COc1ccc(NC(=O)Nc2ccc(N(C)C)cc2)cc1-c1c(Br)cnn1C,50.12,
CHEMBL1080746,Cc1c(C(=O)NCCCN2CCN(c3cccc(Cl)c3)CC2)cc(-c2ccccc2)n1N1CCCCC1,441.0,
CHEMBL1081302,Cc1c(C(=O)NCCCN2CCN(c3cccc(Cl)c3)CC2)cc(-c2ccccc2)n1Cc1ccccc1,179.0,
CHEMBL1081303,Cc1c(C(=O)NCCCN2CCN(c3cccc(Cl)c3)CC2)cc(-c2ccccc2)n1CC1CCCCC1,1067.0,
CHEMBL1086626,Cc1[nH]c(-c2ccccc2)cc1C(=O)NCCCN1CCN(c2cccc(Cl)c2Cl)CC1,300.0,
CHEMBL1088312,Cc1c(C(=O)NCCCN2CCN(c3cccc(Cl)c3Cl)CC2)cc(-c2ccccc2)n1CC(C)C,406.0,
CHEMBL1080554,Cc1cccc(N2CCN(CCCCNC(=O)c3cc(-c4ccccc4)n(C)c3C)CC2)c1C,61.0,
CHEMBL1092921,O=C(CNC(=O)c1cccc(C(F)(F)F)c1)N[C@@H]1CCN(CCC2CCN(C(=O)c3cc(F)ccc3F)CC2)C1,10000.0,
CHEMBL1093469,O=C(CNC(=O)c1cccc(C(F)(F)F)c1)N[C@@H]1CCN(CCN2CCN(C(=O)c3ccccc3)CC2)C1,10000.0,
CHEMBL1081644,Cc1cccc(N2CCN(CCCNC(=O)c3cc(-c4ccccc4)n(C)c3C)CC2)c1C,57.0,
CHEMBL1214046,CCCn1c(-c2ccccc2)cc(C(=O)NCCCN2CCN(c3cccc(Br)c3)CC2)c1C,221.0,
CHEMBL1214177,Cc1c(C(=O)N(C)CCCN2CCN(c3cccc(Cl)c3Cl)CC2)cc(-c2ccccc2)n1C,39.0,
CHEMBL1214367,Cc1cccc(N2CCN(CCCNC(=O)c3cc(-c4ccc(Cl)cc4)n(C)c3C)CC2)c1C.Cl,213.0,
CHEMBL1213675,Cc1c(Cl)cccc1N1CCN(CCNC(=O)c2cc(-c3ccccc3)n(C)c2C)CC1,152.0,
CHEMBL1222364,CCN(c1cccc(N2CCN(C)CC2)c1)S(=O)(=O)c1ccc2ccccc2c1,218.0,
CHEMBL1271873,Cc1cc(C(=O)NCCCN2CCN(c3cccc(C)c3C)CC2)nc(C(C)(C)C)n1.Cl,274.0,
CHEMBL3217176,Cc1cccc(N2CCN(CCCNC(=O)c3nc(C)n(-c4ccccc4)c3C)CC2)c1C.Cl.Cl,91.0,
CHEMBL3216085,CCCc1nc(C(=O)NCCCN2CCN(c3cccc(C)c3C)CC2)c(C)n1-c1ccccc1.Cl.Cl,75.0,
CHEMBL3216501,Cc1cccc(N2CCN(CCCNC(=O)c3cn(-c4ccccc4)c(-c4ccccc4)n3)CC2)c1C.Cl.Cl,13.2,
CHEMBL3216754,CCCc1nc(C(=O)NCCCN2CCN(c3cccc(C)c3C)CC2)c(C)n1-c1ccccc1Cl.Cl.Cl.Cl,90.0,
CHEMBL3216095,Cc1c(C(=O)NCC(O)CN2CCN(c3cccc(Cl)c3Cl)CC2)nc(-c2ccccc2)n1-c1ccccc1.Cl.Cl.Cl.Cl,24.0,
CHEMBL3216521,Cc1cccc(N2CCN(CC(O)CNC(=O)c3nc(-c4ccccc4)n(-c4ccccc4)c3C)CC2)c1C.Cl.Cl,58.6,
CHEMBL3215852,COc1ccccc1-n1c(C)nc(C(=O)NCC(O)CN2CCN(c3cccc(Cl)c3Cl)CC2)c1C.Cl.Cl.Cl.Cl,52.1,
CHEMBL3216075,CCCc1nc(C(=O)NCC(O)CN2CCN(c3cccc(Cl)c3C)CC2)cn1-c1ccc(Cl)cc1.Cl.Cl.Cl.Cl,107.0,
CHEMBL3216504,CCCc1nc(C(=O)NCC(O)CN2CCN(c3cccc(Cl)c3C)CC2)c(C)n1-c1ccc2c(c1)OCCO2.Cl.Cl.Cl,237.0,
CHEMBL3215619,Cc1c(Cl)cccc1N1CCN(C[C@H](O)CNC(=O)c2nc(-c3ccccc3)n(-c3ccc(F)cc3)c2C)CC1.Cl.Cl.Cl,95.0,
CHEMBL3216097,CCc1nc(C(=O)NCCN2CCN(c3cccc(Cl)c3Cl)CC2)c(C)n1-c1ccccc1.Cl.Cl.Cl.Cl,27.0,
CHEMBL3216979,CCCn1c(C)nc(C(=O)NCCCN2CCN(c3cccc(Cl)c3Cl)CC2)c1C.Cl.Cl.Cl.Cl,26.0,
CHEMBL3216303,Cc1nc(C(=O)NCCCN2CCN(c3cccc(Cl)c3Cl)CC2)c(C)n1C1CCCC1.Cl.Cl.Cl.Cl,55.0,
CHEMBL493,CC(C)C[C@H]1C(=O)N2CCC[C@H]2[C@]2(O)O[C@](NC(=O)[C@@H]3C=C4c5cccc6[nH]c(Br)c(c56)C[C@H]4N(C)C3)(C(C)C)C(=O)N12,36.0,
CHEMBL672,CC(C)OC(=O)C(C)(C)Oc1ccc(C(=O)c2ccc(Cl)cc2)cc1,2118.0,
CHEMBL30008,Fc1ccc(C(c2ccc(F)cc2)N2CCN(C/C=C/c3ccccc3)CC2)cc1,407.0,
CHEMBL54,O=C(CCCN1CCC(O)(c2ccc(Cl)cc2)CC1)c1ccc(F)cc1,75.0,
CHEMBL657,CN(C)CCOC(c1ccccc1)c1ccccc1,1295.0,
CHEMBL1255837,CC(C)[C@@]1(NC(=O)[C@@H]2C[C@@H]3c4cccc5[nH]cc(c45)C[C@H]3N(C)C2)O[C@@]2(O)[C@@H]3CCCN3C(=O)[C@H](Cc3ccccc3)N2C1=O.CS(=O)(=O)O,15.0,
CHEMBL1172,Clc1ccc2c(c1)CCc1cccnc1C2=C1CCNCC1,33.0,
CHEMBL1200406,CN(C)CCOC(c1ccccc1)c1ccccc1.Cn1c(=O)c2[nH]c(Cl)nc2n(C)c1=O,693.0,
CHEMBL415,CN(C)CCCN1c2ccccc2CCc2ccc(Cl)cc21,67.0,
CHEMBL1479,C#C[C@]1(O)CC[C@H]2[C@@H]3CCC4=Cc5oncc5C[C@]4(C)[C@H]3CC[C@@]21C,8850.0,
CHEMBL219916,O=c1[nH]c2ccccc2n1CCCN1CCC(n2c(=O)[nH]c3cc(Cl)ccc32)CC1,37.0,
CHEMBL511,COc1ccc(CN(CCN(C)C)c2ccccn2)cc1,997.0,
CHEMBL86,CCN(CC)CCNC(=O)c1cc(Cl)c(N)cc1OC,3675.0,
CHEMBL91,Clc1ccc(COC(Cn2ccnc2)c2ccc(Cl)cc2Cl)c(Cl)c1,3907.0,
CHEMBL6966,COc1ccc(CCN(C)CCCC(C#N)(c2ccc(OC)c(OC)c2)C(C)C)cc1OC,442.0,
CHEMBL83,CC/C(=C(\c1ccccc1)c1ccc(OCCN(C)C)cc1)c1ccccc1,4801.0,
CHEMBL1933408,CN1CCC(N(C)S(=O)(=O)c2ccc(C(F)(F)F)cc2)CC1,1683.0,
CHEMBL1933409,CN1CCC(N(C)S(=O)(=O)c2cccc(F)c2)CC1,1859.0,
CHEMBL1933413,CN1CCC(N(C)S(=O)(=O)c2ccccc2Cl)CC1,3180.0,
CHEMBL715,Cc1cc2c(s1)Nc1ccccc1N=C2N1CCN(C)CC1,7.0,
CHEMBL414668,C1=C(c2c(-c3ccccc3)[nH]c3ccccc23)CCNC1,50.0,
CHEMBL2376491,Cc1[nH]c2ccc(-c3ccccc3)cc2c1C1=CCNCC1,1000.0,
CHEMBL2376482,Cc1[nH]c2ccc(Br)cc2c1C1=CCNCC1,400.0,
CHEMBL51,O=C(c1ccc(F)cc1)C1CCN(CCn2c(=O)[nH]c3ccccc3c2=O)CC1,80.0,
CHEMBL2393239,COc1cccc(Nc2nc(N3CCN(C)CC3)nc3c2CCNCC3)c1.Cl,10000.0,
CHEMBL2393233,CN1CCN(c2nc3c(c(N(C)C)n2)CCNCC3)CC1.Cl,10000.0,
CHEMBL2393257,CCNc1nc(Nc2ccc(F)cc2)c2cn[nH]c2n1,10000.0,
CHEMBL2393255,CCN(CC)c1nc(Nc2ccccc2C)c2cn[nH]c2n1,4578.0,
CHEMBL2393268,CCN(CC)c1nc(Nc2ccc(F)cc2)c2cn[nH]c2n1,4535.0,
CHEMBL2393263,Fc1ccc(Nc2nc(NC3CCCC3)nc3[nH]ncc23)cc1,4499.0,
CHEMBL2393272,CC1CCN(c2nc(Nc3ccc(F)cc3)c3cn[nH]c3n2)CC1,3673.0,
CHEMBL2393242,Cl.c1ccc(Cc2nc3c(c(N4CCSCC4)n2)CCNCC3)cc1,1271.0,
CHEMBL2393274,OCCN1CCN(c2nc(Nc3ccc(F)cc3)c3cn[nH]c3n2)CC1,163.0,
CHEMBL2393251,CN1CCN(c2nc(Nc3ccccc3)c3cn[nH]c3n2)CC1,25.1,
CHEMBL51,O=C(c1ccc(F)cc1)C1CCN(CCn2c(=O)[nH]c3ccccc3c2=O)CC1,0.77,
CHEMBL643,CC(CN1c2ccccc2Sc2ccccc21)N(C)C,23.0,
CHEMBL3398389,CN(C)/C=N/N=C/c1cn(S(=O)(=O)c2ccccc2)c2cccc([N+](=O)[O-])c12,329.0,
CHEMBL3398398,CN(C)/C=N/N=C/c1cn(S(=O)(=O)c2ccc3ccccc3c2)c2cccc([N+](=O)[O-])c12,433.0,
CHEMBL3600977,O=C(NCc1ccc(-c2ccc(Cl)cc2)cc1)Nc1ccc(CN2CCCCC2)cc1,29.0,
CHEMBL3600978,Clc1ccc(-c2ccc(CCCNc3ccc(CN4CCCCC4)cc3)nn2)cc1,138.0,
CHEMBL3600980,COc1ccc(-c2ccc(CCCNc3ccc(CN4CCCCC4)cc3)nn2)cc1,1810.0,
CHEMBL3600981,N#Cc1ccc(-c2ccc(CCCNc3ccc(CN4CCCCC4)cc3)nn2)cc1,1460.0,
CHEMBL3601032,COc1ccc(-c2ccc(CCCNc3ccc(CN4CCOCC4)cc3)nn2)cc1,10000.0,
CHEMBL3601036,OC1CCN(Cc2ccc(NCCCc3ccc(OCc4ccccc4)nn3)cc2)CC1,10000.0,
CHEMBL3609165,OCCN1CCN(c2nc(Nc3ccccc3F)c3ccccc3n2)CC1,1370.0,
CHEMBL1852517,CCCc1nc(C(=O)NCCCN2CCN(c3cccc(Cl)c3C)CC2)c(C)n1-c1ccc(OC)cc1,15.2,
CHEMBL3681355,CCCn1c(C)nc(C(=O)NCC(O)CN2CCN(c3cccc(Cl)c3C)CC2)c1C,480.0,
CHEMBL3681350,c1cnc2c(N3CCNCC3)cccc2c1,70.9,
CHEMBL1852779,COc1cc(OC)cc(-n2c(C)nc(C(=O)NCCCN3CCN(c4cccc(C)c4C)CC3)c2C)c1,32.0,
CHEMBL3681367,COc1ccc(-n2cc(C(=O)NCC(O)CN3CCN(c4cccc(Cl)c4Cl)CC3)nc2-c2ccccc2)cc1,137.0,
CHEMBL1852362,CCCc1nc(C(=O)NCC(O)CN2CCN(c3cccc(C)c3C)CC2)c(C)n1-c1ccc(OC)cc1,126.0,
CHEMBL3805376,CNC(=O)c1ccc(OCCCCN2CCN(c3cccc(Cl)c3Cl)CC2)cc1,820.0,
CHEMBL3805704,CNC(=O)c1cccc(OCCCCN2CCN(c3cccc4sccc34)CC2)c1,216.0,
CHEMBL3806169,NC(=O)c1cccc(OCCCCN2CCN(c3cccc(Cl)c3Cl)CC2)c1,1100.0,
CHEMBL3805772,CCNC(=O)c1cccc(OCCCCN2CCN(c3cccc(Cl)c3Cl)CC2)c1,670.0,
CHEMBL3805826,CCCCCNC(=O)c1cccc(OCCCCN2CCN(c3cccc(Cl)c3Cl)CC2)c1,1100.0,
CHEMBL3805515,CNC(=O)c1cccc(OCCCCN2CCN(c3cccc(Cl)c3Cl)CC2)c1OC,720.0,
CHEMBL3805046,CNC(=O)c1cccc(OCCCCN2CCN(c3cccc(Cl)c3Cl)CC2)c1F,30.3,
CHEMBL3665545,COCCOc1ccc(NC(=O)c2cccc(C(F)(F)F)c2)cc1-c1ccnn1C,4.4,
CHEMBL4067506,Cc1nc2n(c(=O)c1CCN1CCN(c3csc4ccsc34)CC1)CCCC2O,651.0,
CHEMBL4074373,Cc1nc2n(c(=O)c1CCN1CCN(c3nsc4ccccc34)CC1)CCCC2F,89.0,
CHEMBL4062992,Cc1nc2n(c(=O)c1CCN1CCN(c3nsc4ccccc34)CC1)CCCC2(F)F,17.0,
CHEMBL4087132,Cc1nc2n(c(=O)c1CCN1CCN(c3cccc4sccc34)CC1)CCCC2(F)F.Cl,11.5,
CHEMBL4074326,Cc1nc2n(c(=O)c1CCN1CCN(c3cccc4sccc34)CC1)CCC=C2.Cl,37.6,
CHEMBL4210637,CCNC(=O)c1cc(OCCCCN2CCC(c3noc4cc(F)ccc34)CC2)ccn1,95.5,
CHEMBL4212812,Cc1cc(OCCCN2CCN(c3ccccc3)CC2)ccc1Cl.Cl.Cl,85800.0,
CHEMBL4217761,Cc1cccc(OCCOCCN2CCN(CCc3ccccc3)CC2)c1C.Cl.Cl,6970.0,
CHEMBL74355,COc1cccc([C@H](O)C2CCN(CCc3ccc(F)cc3)CC2)c1OC,4.8,
CHEMBL4226858,C#CCOCCOCCOc1cccc([C@H](O)C2CCN(CCc3ccc(F)cc3)CC2)c1OC,56.23,
CHEMBL4226407,COc1c(OCCOCCOCCOCCOCCOCCOc2cccc(C(=O)C3CCN(CCc4ccc(F)cc4)CC3)c2OC)cccc1C(=O)C1CCN(CCc2ccc(F)cc2)CC1,39.8,
CHEMBL4277101,O=C1[C@@H]2[C@H](C(=O)N1CCCCN1CCN(c3cccc4sccc34)CC1)[C@H]1C=C[C@@H]2C1,24.6,
CHEMBL4278581,O=C1[C@@H]2[C@H](C(=O)N1CCCCN1CCN(c3cccc4ccsc34)CC1)[C@H]1C=C[C@@H]2C1,32.0,
CHEMBL4292254,Cc1ccc(C23CC2C(=O)N(CCCCN2CCN(c4cccc5sccc45)CC2)C3=O)cc1,1660.0,
CHEMBL4287980,O=C1C2CC=CCC2C(=O)N1CCCCN1CCN(c2cccc3sccc23)CC1,0.6,
CHEMBL4290309,CC(=O)O[C@@H]1[C@@H]2C[C@H]([C@@H]1OC(C)=O)[C@H]1C(=O)N(CCCCN3CCN(c4cccc5sccc45)CC3)C(=O)[C@@H]21,546.0,
CHEMBL4286905,O=C1c2cccc(F)c2C(=O)N1CCCCN1CCN(c2cccc3sccc23)CC1,318.0,
CHEMBL4291215,CC1(C)CC(=O)N(CCCCN2CCN(c3cccc4sccc34)CC2)C(=O)C1,134.0,
CHEMBL501235,COc1cc(/C=C/C(=O)O)cc(OC)c1OC,10000.0,
CHEMBL4642837,CCOC(=O)Cc1nn(CNC(=O)CCN2CCN(c3c(C)cccc3C)CC2)c(=O)c2ccccc12,6110.0,
CHEMBL4647041,CCOC(=O)Cc1nn(CNC(=O)CCN2CCN(c3cccc(C)c3C)CC2)c(=O)c2cc(F)ccc12,435.0,
CHEMBL4633971,CC(C)COc1ccc(CNC(=O)N(Cc2ccc(F)cc2)C2CCN(C(=O)C[C@H](N)C(=O)O)CC2)cc1,34.65,
CHEMBL4638548,CN1CCC(N(Cc2ccc(F)cc2)C(=O)NCc2ccc(OCC(O)CN3CCN(C(=O)OC(C)(C)C)CC3)cc2)CC1,1.93,
CHEMBL4647011,O=c1n(CCCCN2CCN(c3cccc4sccc34)CC2)nc2ccc(F)cn12,46.3,
CHEMBL4648027,O=c1n(CCCCN2CCN(c3cccc4sccc34)CC2)nc2c(Cl)cc(Cl)cn12,652.0,
CHEMBL4649106,O=c1n(CCCCN2CCN(c3cccc4sc(F)cc34)CC2)nc2c(F)cccn12,1070.0,
CHEMBL4647189,[Br-].c1ccc(CS/C(=N/CC[N+]2(Cc3ccccc3)CCN(c3ncccn3)CC2)C23CC4CC(CC(C4)C2)C3)cc1,10000.0,
CHEMBL4646835,COc1cccc(C2CCN(c3ccn4c(CC5CC5)nnc4c3Cl)CC2)c1,4100.0,
CHEMBL4643961,COCCOc1ccccc1C1CCN(c2ccn3c(CC4CC4)nnc3c2Cl)CC1,3900.0,
CHEMBL4636980,COCCOc1cccc(C(=O)C2CCN(CCc3ccc(F)cc3)CC2)c1OC,9.333,
CHEMBL4794013,CC(C)N(CCCN1CCC(c2noc3cc(F)ccc23)CC1)C(=O)c1ccccc1,11.6,
CHEMBL4749144,O=C(c1ccccc1)N(CCCN1CCC(c2noc3cc(F)ccc23)CC1)C1COC1,18.8,
CHEMBL4763837,O=C1NCC(=O)N(CCCCN2CCN(c3cccc4sccc34)CC2)c2cc(F)ccc21,24.55,
CHEMBL4777475,O=c1[nH]c(=O)n(CCCCN2CCN(c3cccc4sccc34)CC2)c2ccccc12,128.82,
CHEMBL51,O=C(c1ccc(F)cc1)C1CCN(CCn2c(=O)[nH]c3ccccc3c2=O)CC1,19.6,
CHEMBL4867414,N#Cc1ccc2[nH]cc(CCCCN3CCN(c4ccc(-n5ccc6ncccc6c5=O)cc4)CC3)c2c1,10000.0,
CHEMBL65547,CN(C)CCc1c[nH]c2cccc(O)c12,8.34,
CHEMBL5081637,CN(CCc1cn(C)c2cccc(O)c12)CC1CC1,140.0,
CHEMBL5188595,CC(C)COc1ccc(CNC(=O)N(Cc2ccc(F)cc2)C2CC(N(C)C)C2)cc1,138.8,
CHEMBL5194786,CC(C)COc1ccc(CNC(=O)N(Cc2ccc(F)cc2)C2CCC(N(C)C)C2)cc1,110.2,
CHEMBL5184906,CN1CCC(N(Cc2ccc(F)cn2)C(=O)NCc2ccc(OCCC(F)(F)F)cc2)CC1,4.7,
CHEMBL5197899,CN1CCC(N(Cc2ccc(F)cn2)C(=O)NCc2ccc3c(c2)CC(C)(C)O3)CC1,3.49,
CHEMBL5205849,CC(C)c1cc2cc(CNC(=O)N(Cc3ccc(F)cn3)C3CCN(C)CC3)ccc2o1,20.9,
CHEMBL5200788,CN1CCC(N(Cc2ccc(F)cn2)C(=O)NCc2ccc(OCC(F)(F)F)c(Br)c2)CC1,12.0,
CHEMBL5174421,CC(C)COc1ccc(CNC(=O)N(Cc2cccc3sccc23)C2CCN(C)CC2)cc1,500.0,
CHEMBL5176379,Cc1noc(C)c1CN(C(=O)NCc1ccc(OCC(C)C)cc1)C1CCN(C)CC1,500.0,
CHEMBL5194786,CC(C)COc1ccc(CNC(=O)N(Cc2ccc(F)cc2)C2CCC(N(C)C)C2)cc1,101.0,
CHEMBL5200788,CN1CCC(N(Cc2ccc(F)cn2)C(=O)NCc2ccc(OCC(F)(F)F)c(Br)c2)CC1,8.85,
CHEMBL5201875,CC(C)COc1ccc(CNC(=O)N(Cc2cccc3[nH]cnc23)C2CCN(C)CC2)cc1,500.0,
CHEMBL5169670,CC(C)COc1ccc(CNC(=O)N(Cc2cn[nH]c2)C2CCN(C)CC2)cc1,500.0,
CHEMBL2355519,Cl.O=C(c1ccc(F)cc1)C1CCN(CCn2c(=S)[nH]c3ccccc3c2=O)CC1,5.27,
CHEMBL2111101,CC(C)COc1ccc(CNC(=O)N(Cc2ccc(F)cc2)C2CCN(C)CC2)cc1,79.43,
CHEMBL5441076,O=C1C[C@]2(CN3CCC2CC3)Oc2cc(O)ccc21,100000.0,
CHEMBL3183055,CN(C)CCc1c[nH]c2ccccc12.O=C(O)/C=C/C(=O)O,150.0,
CHEMBL2017291,COc1cc2c(cc1-c1c(C)noc1C)ncc1[nH]c(=O)n([C@H](C)c3ccccn3)c12,40000.0,
CHEMBL5618291,Cl.c1ccc2c(c1)nnn2CCCCN1CCN(c2nsc3ccccc23)CC1,0.27,
CHEMBL2017291,COc1cc2c(cc1-c1c(C)noc1C)ncc1[nH]c(=O)n([C@H](C)c3ccccn3)c12,40000.0,
CHEMBL3681371,CCc1c(C(=O)NCCCN2CCN(c3cccc(Cl)c3)CC2)nc(-c2ccc(Cl)cc2Cl)n1-c1ccc(Br)cc1,1262.0,
CHEMBL3652593,Cn1nccc1-c1cc(NC(=O)c2ccno2)ccc1OCCN,91.0,
CHEMBL3681350,c1cnc2c(N3CCNCC3)cccc2c1,70.9,
CHEMBL1852361,CCCc1nc(C(=O)NCCCN2CCN(c3cccc(C)c3C)CC2)cn1-c1ccc(Cl)cc1,32.4,
CHEMBL3681356,COc1ccccc1-n1c(C)nc(C(=O)NCC(O)CN2CCN(c3cccc(C)c3C)CC2)c1C,389.0,
CHEMBL3681359,CCc1nc(C(=O)NCC(O)CN2CCN(c3cccc(C)c3C)CC2)c(C)n1-c1ccccc1,469.0,
CHEMBL1852333,CCCc1nc(C(=O)NCCCN2CCN(c3cccc(C)c3C)CC2)cn1-c1ccccc1,133.0,
CHEMBL1852774,CCCc1nc(C(=O)NCC(O)CN2CCN(c3cccc(Cl)c3Cl)CC2)c(C)n1-c1ccc(OC)cc1,63.1,
CHEMBL1852659,CCCc1nc(C(=O)NCCCN2CCN(c3cccc(Cl)c3Cl)CC2)c(C)n1-c1ccc(OC)cc1,5.17,
CHEMBL3681369,Cc1ccc(-n2c(C)nc(C(=O)NCCCN3CCN(c4cccc(C)c4C)CC3)c2C)cc1,33.0,
CHEMBL1852370,Cc1nc(C(=O)NCCCN2CCN(c3cccc(Cl)c3Cl)CC2)c(C)n1-c1ccccc1F,16.8,
CHEMBL3952456,Cn1nc(C(=O)N2CCN(CC(=O)c3ccc(F)cc3)CC2)cc1-c1ccco1,4.8,
CHEMBL471036,c1ccc2cc(COC3CCNCC3)ccc2c1,1000.0,
CHEMBL4087246,Cc1nc2n(c(=O)c1CCN1CCN(c3cccc4c3CCS4)CC1)CCCC2O,26.4,
CHEMBL5995642,O=C1Cc2cc(CCN3CCN(c4cccc5sccc45)CC3)c(Cl)cc2N1,74.6,
CHEMBL5865978,Cc1nc2c(OCc3ccccc3)cccn2c(=O)c1CCN1CCN(c2cccc3sccc23)CC1,350.0,
CHEMBL5920687,Cc1nc2ccc(CCCCCN3CCN(c4cccc5sccc45)CC3)cc2c(=O)[nH]1,781.0,
CHEMBL5750687,Cc1ncsc1CCN1CCN(c2cccc3sccc23)CC1,49.5,
CHEMBL5967130,O=c1[nH]c2ccc(CCN3CCN(c4cccc5sccc45)CC3)cc2[nH]1,4.91,
CHEMBL5839359,O=C1COc2ccc(CCN3CCN(c4cccc5sccc45)CC3)cc2N1,42.1,
CHEMBL5856131,O=c1ccc2ccc(CCN3CCN(c4cncc5sccc45)CC3)cc2[nH]1,286.0,
CHEMBL5900385,O=C1CCc2cc(CCN3CCN(c4cccc5sc(F)cc45)CC3)ccc2N1,40.3,
CHEMBL5836244,O=C1COc2cc(F)c(CCN3CCN(c4cccc5sccc45)CC3)cc2N1,81.5,
CHEMBL6040679,N#Cc1ccc2[nH]cc(CCCCN3CCN(c4cccc5sccc45)CC3)c2c1,332.0,
CHEMBL6014626,Cn1c(=O)n(C)c2cc(CCN3CCN(c4cccc5sccc45)CC3)ccc21,88.0,
CHEMBL5890339,O=C1CCc2cc(CCCCN3CCN(c4cccc5sccc45)CC3)ccc2N1,400.0,
CHEMBL5787863,O=C1Cc2cc(CCCCN3CCN(c4cccc5sccc45)CC3)ccc2N1,257.0,
CHEMBL5866977,COC(CN1CCN(c2cccc3sccc23)CC1)c1cccc2c1OCC(=O)N2,17.0,
CHEMBL5925148,O=C1CCc2ccc(C(O)CCCCN3CCN(c4cccc5sccc45)CC3)cc2N1,108.0,
CHEMBL3652592,Cn1nccc1-c1cc(NC(=O)C(=O)c2ccc(F)cc2)ccc1OCCN,0.025,
CHEMBL3652595,Cn1ncc(Cl)c1-c1cc(NC(=O)C2CCC(C(F)(F)F)CC2)ccc1OCCN,0.26,
CHEMBL65547,CN(C)CCc1c[nH]c2cccc(O)c12,500.0,
CHEMBL5969000,CN1CCC[C@H]1Cc1c[nH]c2cccc(F)c12,5000.0,
CHEMBL5028661,CN(C)CCc1c[nH]c2cccc(OCc3ccccc3)c12,106.0,
CHEMBL292779,Fc1cccc(CCN2CCN(CCCc3c[nH]c4ccc(-n5cnnc5)cc34)CC2)c1,370.0,
CHEMBL310018,CN(C)CCCC1CC2c3ccccc3Cc3ccccc3N2O1,3.89,
CHEMBL331188,CN(C)CC1CC2c3cccnc3Cc3ccccc3N2O1,1000.0,
CHEMBL315424,CN(C)CC1CC2c3cccc(Cl)c3Cc3ccccc3N2O1,1000.0,
CHEMBL89934,CC1SC(C)(C)C(=O)N1CCCCN1CCN(c2csc3cc(F)ccc23)CC1,17.0,
CHEMBL297446,COc1cccc(NC(=O)NCCCN2CCCC(CCc3ccccc3)C2)c1,787.0,
CHEMBL184717,Cc1cc(N2CCN(C)CC2)nc2ccc(NC(=O)COc3ccc(Cl)cc3)cc12,2180.0,
CHEMBL194837,Cc1cc(OCCN(C)C)nc2ccc(NC(=O)COc3ccc(Cl)cc3Cl)cc12,0.61,
CHEMBL218206,Cc1ccc(C2=CC(NC(C)(C)C)=NCCN2)c(C)c1,71.0,
CHEMBL376753,CC(C)(C)NC1=NCCNC(c2ccccc2Cl)=C1,76.0,
CHEMBL218589,Cc1ccc(C2=CC(NC(C)(C)Cc3ccccc3)=NCCN2)cc1,2.4,
CHEMBL373966,CCC1(NC2=NCCNC(c3ccc(F)cc3F)=C2)CCCC1,1.1,
CHEMBL495678,O=S(=O)(NCCCN1CCN(c2cccc(C(F)(F)F)c2)CC1)c1ccc2ccccc2c1,95.0,
CHEMBL51,O=C(c1ccc(F)cc1)C1CCN(CCn2c(=O)[nH]c3ccccc3c2=O)CC1,13.0,
CHEMBL519103,Cc1ccc2c(C(=O)Nc3ccc(Oc4cccnc4C)nc3)c[nH]c2c1,10000.0,
CHEMBL443922,CN(C)Cc1ccccc1Oc1ccc(Cl)c(Cl)c1,144.0,
CHEMBL488242,CNCc1ccccc1Oc1ccc(Cl)cc1,1050.0,
CHEMBL508192,CNC(C)c1ccccc1Oc1ccc(C)cc1,55.1,
CHEMBL487222,CNC(C)c1ccccc1Oc1ccc(Cl)cc1,179.0,
CHEMBL488434,CNCc1cc(F)ccc1Oc1ccc(Cl)cc1,495.0,
CHEMBL454656,CNCc1cc(F)ccc1Oc1ccc(-c2ccccc2)cc1,378.0,
CHEMBL527094,CNC(C)c1ccc(OC)cc1Oc1ccc(Cl)c(Cl)c1,88.0,
CHEMBL584554,CCN(CC)C(=O)[C@@H]1C=C2c3cccc4[nH]cc(c34)C[C@H]2N(C(=O)Nc2ccccc2)C1,750.0,
CHEMBL606144,O=S(=O)(c1ccccc1)c1c[nH]c2cccc(CCN3CCCC3)c12,258.0,
CHEMBL595449,CN(C)Cc1nc(-c2ccc(C(C)(C)C)cc2)n(-c2cccc(O)c2)n1,10000.0,
CHEMBL600012,O=S(=O)(c1ccc2ccccc2c1)N(CCCN1CCN(c2ccccc2)CC1)CC1CCCCC1,0.7,
CHEMBL602087,O=S(=O)(c1ccc2ccccc2c1)N(CCCN1CCN(c2cccc(C(F)(F)F)c2)CC1)CC1CCCCC1,13.1,
CHEMBL601457,O=S(=O)(c1cccc2ccccc12)N(CCCN1CCN(c2ccccc2)CC1)CC1CC1,171.0,
CHEMBL602873,COc1ccc(NC(=O)Nc2ccc(Cl)c(C(F)(F)F)c2)cc1-c1c(Br)cnn1C,0.7943,
CHEMBL1080726,Cc1c(C(=O)NCCCN2CCN(c3cccc(Cl)c3)CC2)cc(-c2ccccc2)n1C,92.0,
CHEMBL1080747,Cc1c(C(=O)NCCCN2CCN(c3cccc(Cl)c3)CC2)cc(-c2ccccc2)n1-c1ccc(F)cc1,22.9,
CHEMBL1087895,Cc1cccc(N2CCN(CCCNC(=O)c3cc(-c4ccccc4)n(Cc4ccccc4)c3C)CC2)c1C,224.0,
CHEMBL1080683,Cc1c(C(=O)NCCN2CCN(c3cccc(Cl)c3Cl)CC2)cc(-c2ccccc2)n1C,175.0,
CHEMBL1088874,O=C(CNC(=O)c1cccc(C(F)(F)F)c1)N[C@@H]1CCN(CCC2CCN(C(=O)c3ccccc3Cl)CC2)C1,10000.0,
CHEMBL1093802,O=C(CNC(=O)c1cccc(C(F)(F)F)c1)N[C@@H]1CCN(CCN2CCN(C(=O)c3ccccc3F)CC2)C1,10000.0,
CHEMBL1089793,O=C(CNC(=O)c1cccc(C(F)(F)F)c1)N[C@@H]1CCN(CCN2CCN(C(=O)c3cc(F)ccc3F)CC2)C1,10000.0,
CHEMBL1085155,Cn1nccc1-c1cc(NC(=O)c2cccc(C(F)(F)F)c2)ccc1OCCN1CCCC1,23.0,
CHEMBL1086754,Cc1c(C(=O)NCCCN2CCN(c3cccc(Cl)c3Cl)CC2)cc(-c2ccccc2)n1C,46.0,
CHEMBL1213934,Cc1c(C(=O)NCCCN2CCN(c3cccc4cccnc34)CC2)cc(-c2ccccc2)n1C,352.0,
CHEMBL3216707,Cc1c(C(=O)NCCCN2CCN(c3ccncc3)CC2)cc(-c2ccccc2)n1C.Cl.Cl,4559.0,
CHEMBL1088163,CCCn1c(-c2ccccc2)cc(C(=O)NCCCN2CCN(c3cccc(C)c3C)CC2)c1C,129.0,
CHEMBL1214304,CCCn1c(C)c(C(=O)NCCN2CCN(c3cccc(Cl)c3Cl)CC2)c(C)c1-c1ccccc1.Cl,25.0,
CHEMBL1214547,Cc1c(C(=O)NCCCN2CCN(c3cccc(Cl)c3Cl)CC2)cc(-c2ccncc2)n1C,39.0,
CHEMBL1642116,CN1CCN(c2ccc3c(c2)N(S(=O)(=O)c2ccc4ccccc4c2)CCC3=O)CC1,366.0,
CHEMBL1642118,CC1CC(=O)c2ccc(N3CCN(C)CC3)cc2N1S(=O)(=O)c1ccc2ccccc2c1,1462.0,
CHEMBL3216083,CCCc1nc(C(=O)NCCCN2CCN(c3cccc(Cl)c3Cl)CC2)c(C)n1-c1ccc2c(c1)OCCO2.Cl.Cl.Cl.Cl,106.0,
CHEMBL3216746,Cc1cccc(N2CCN(CCCNC(=O)c3nc(C)n(CC(C)C)c3C)CC2)c1C.Cl.Cl,216.8,
CHEMBL3216081,COc1ccccc1-n1c(C)nc(C(=O)NCCCN2CCN(c3cccc(C)c3C)CC2)c1C.Cl.Cl,144.0,
CHEMBL3216286,CCCc1nc(C(=O)NCCCN2CCN(c3cccc(Cl)c3C)CC2)c(C)n1-c1ccccc1OC.Cl.Cl.Cl,171.0,
CHEMBL3216498,CCCc1nc(C(=O)NCCCN2CCN(c3cccc(Cl)c3C)CC2)c(C)n1-c1ccc(F)cc1.Cl.Cl.Cl,54.0,
CHEMBL3215618,CCCc1nc(C(=O)NCCCN2CCN(c3cccc(C)c3C)CC2)c(C)n1-c1ccc(F)cc1.Cl.Cl,31.0,
CHEMBL3216757,Cc1c(Cl)cccc1N1CCN(CC(O)CNC(=O)c2nc(-c3ccccc3)n(-c3ccccc3)c2C)CC1.Cl.Cl.Cl,57.0,
CHEMBL3216744,Cc1cccc(N2CCN(CC(O)CNC(=O)c3nc(C)n(CC(C)C)c3C)CC2)c1C.Cl.Cl,1011.0,
CHEMBL3216965,COc1ccc(-n2c(C)nc(C(=O)NCC(O)CN3CCN(c4cccc(Cl)c4C)CC3)c2C)cc1.Cl.Cl.Cl,56.0,
CHEMBL3216084,COc1ccc(-n2c(-c3ccccc3)nc(C(=O)NCC(O)CN3CCN(c4cccc(C)c4C)CC3)c2C)cc1.Cl.Cl,185.0,
CHEMBL3216077,Cc1cccc(N2CCN(C[C@H](O)CNC(=O)c3nc(C)n(-c4ccccc4F)c3C)CC2)c1C.Cl.Cl,270.0,
CHEMBL3216758,Cc1nc(C(=O)NCCN2CCN(c3cccc(Cl)c3Cl)CC2)c(C)n1-c1ccccc1.Cl.Cl.Cl.Cl,31.0,
CHEMBL3215848,Cc1c(C(=O)NCCCN2CCN(c3cccc(Cl)c3Cl)CC2)nc(-c2ccccc2)n1-c1ccccc1F.Cl.Cl.Cl.Cl,19.5,
CHEMBL221753,CC(C)(C)CC(C)(C)c1ccc(OCCOCC[N+](C)(C)Cc2ccccc2)cc1.[Cl-],129.0,
CHEMBL296419,COc1ccc(CCN2CCC(Nc3nc4ccccc4n3Cc3ccc(F)cc3)CC2)cc1,20.0,
CHEMBL64894,CN(C)c1ccc(C(=C2C=CC(=[N+](C)C)C=C2)c2ccc(N(C)C)cc2)cc1.[Cl-],2627.0,
CHEMBL1385840,CC(C)[C@H]1C(=O)N2CCC[C@H]2[C@]2(O)O[C@](NC(=O)[C@@H]3C=C4c5cccc6[nH]cc(c56)C[C@H]4N(C)C3)(C(C)C)C(=O)N12,28.0,
CHEMBL41,CNCCC(Oc1ccc(C(F)(F)F)cc1)c1ccccc1,194.0,
CHEMBL334255,CCCCCCCCCCCCCCCC[n+]1ccccc1.[Br-],3173.0,
CHEMBL104,Clc1ccccc1C(c1ccccc1)(c1ccccc1)n1ccnc1,11142.0,
CHEMBL411,CC/C(=C(/CC)c1ccc(O)cc1)c1ccc(O)cc1,4790.0,
CHEMBL42,CN1CCN(C2=Nc3cc(Cl)ccc3Nc3ccccc32)CC1,4.195,
CHEMBL43064,C(=C/c1ccccc1)\CN1CCN(C(c2ccccc2)c2ccccc2)CC1,360.0,
CHEMBL643,CC(CN1c2ccccc2Sc2ccccc21)N(C)C,67.0,
CHEMBL715,Cc1cc2c(s1)Nc1ccccc1N=C2N1CCN(C)CC1,5.016,
CHEMBL445,CNCCC=C1c2ccccc2CCc2ccccc21,51.0,
CHEMBL19215,CN1C[C@H](CNC(=O)OCc2ccccc2)C[C@@H]2c3cccc4c3c(cn4C)C[C@H]21,0.395,
CHEMBL1411979,CN(C)CCN(Cc1cccs1)c1ccccn1,628.0,
CHEMBL1714574,CC(C)N1CCN(c2ccc(OCC3COC(Cn4cncn4)(c4ccc(Cl)cc4Cl)O3)cc2)CC1,8175.0,
CHEMBL1471412,CN1CCC(N(C)S(=O)(=O)c2ccc(Cl)cc2)CC1,537.0,
CHEMBL1933398,CN1CCC(N(C)S(=O)(=O)c2ccccc2)CC1,1019.0,
CHEMBL1617116,CN1CCC(N(C)S(=O)(=O)c2ccc(C(C)(C)C)cc2)CC1,519.0,
CHEMBL1933411,Cc1cccc(S(=O)(=O)N(C)C2CCN(C)CC2)c1,3450.0,
CHEMBL18785,COc1ccc2[nH]cc(C3=CCNCC3)c2c1,1000.0,
CHEMBL2393237,COc1nc(N2CCN(C)CC2)nc2c1CCNCC2.Cl,10000.0,
CHEMBL2393235,CN1CCN(c2nc3c(c(N4CCOCC4)n2)CCNCC3)CC1.Cl,10000.0,
CHEMBL2393259,COCCNc1nc(Nc2ccc(F)cc2)c2cn[nH]c2n1,10000.0,
CHEMBL2393246,COc1cccc(Nc2nc(Cc3ccccc3)nc3c2CCNCC3)c1.Cl,84.4,
CHEMBL2393254,CN1CCN(c2nc(Nc3ccc(Cl)cc3)c3cn[nH]c3n2)CC1,28.8,
CHEMBL3398392,Cc1ccc(S(=O)(=O)n2cc(/C=N/N=C/N(C)C)c3c([N+](=O)[O-])cccc32)cc1,253.0,
CHEMBL3601021,CC1CCN(CCOc2ccc(C#Cc3ncc(-c4ccc(Cl)cc4)cc3F)cc2)CC1,3290.0,
CHEMBL3600973,CN(CCCc1ccc(-c2ccc(Cl)cc2)cc1)c1ccc(CN2CCCCC2)cc1,646.0,
CHEMBL3600979,Fc1ccc(-c2ccc(CCCNc3ccc(CN4CCCCC4)cc3)nn2)cc1,34.0,
CHEMBL3601039,O[C@@H]1CCCN(Cc2ccc(OCCCc3ccc(-c4ccc(Cl)cc4)nn3)cc2)C1,595.0,
CHEMBL3601044,OC1CCN(Cc2ccc(OCCCc3ccc(-c4ccc(F)cc4)nn3)cc2)CC1,242.0,
CHEMBL3601046,CC(=O)NC1CCN(Cc2ccc(OCCCc3ccc(Cc4ccccc4)nn3)cc2)CC1,10000.0,
CHEMBL3609158,OCCN1CCN(c2nc(Nc3ccc(F)cc3)c3ccccc3n2)CC1,21260.0,
CHEMBL1852514,Cc1cccc(N2CCN(CC(O)CNC(=O)c3nc(C)n(CC(C)C)c3C)CC2)c1C,1011.0,
CHEMBL1852777,Cc1c(C(=O)NCC(O)CN2CCN(c3cccc(Cl)c3Cl)CC2)nc(-c2ccccc2)n1-c1ccccc1,24.0,
CHEMBL3681359,CCc1nc(C(=O)NCC(O)CN2CCN(c3cccc(C)c3C)CC2)c(C)n1-c1ccccc1,469.0,
CHEMBL3681356,COc1ccccc1-n1c(C)nc(C(=O)NCC(O)CN2CCN(c3cccc(C)c3C)CC2)c1C,389.0,
CHEMBL1852361,CCCc1nc(C(=O)NCCCN2CCN(c3cccc(C)c3C)CC2)cn1-c1ccc(Cl)cc1,32.4,
CHEMBL1852472,CCCc1nc(C(=O)NCCN2CCN(c3cccc(Cl)c3Cl)CC2)c(C)n1-c1ccccc1,39.0,
CHEMBL1852516,Cc1nc(C(=O)NCCN2CCN(c3cccc(Cl)c3Cl)CC2)c(C)n1-c1ccccc1,31.0,
CHEMBL1852811,CCc1nc(C(=O)NCCCN2CCN(c3cccc(Cl)c3Cl)CC2)c(C)n1-c1ccccc1,48.0,
CHEMBL1852659,CCCc1nc(C(=O)NCCCN2CCN(c3cccc(Cl)c3Cl)CC2)c(C)n1-c1ccc(OC)cc1,5.17,
CHEMBL3681368,CCCc1nc(C(=O)NC[C@H](O)CN2CCN(c3cccc(Cl)c3Cl)CC2)cn1-c1ccc(Cl)cc1,264.0,
CHEMBL1852774,CCCc1nc(C(=O)NCC(O)CN2CCN(c3cccc(Cl)c3Cl)CC2)c(C)n1-c1ccc(OC)cc1,63.1,
CHEMBL3735756,COc1ccc(CCN(CCCc2ccccc2)CCc2ccc3c(c2)OCO3)cc1OC,5011.87,
CHEMBL51,O=C(c1ccc(F)cc1)C1CCN(CCn2c(=O)[nH]c3ccccc3c2=O)CC1,0.35,
CHEMBL3775576,CNC(=O)c1ccc2[nH]nc(Cc3ccc4c(cnn4C)c3)c2c1,240.0,
CHEMBL1112,O=C1CCc2ccc(OCCCCN3CCN(c4cccc(Cl)c4Cl)CC3)cc2N1,2790.0,
CHEMBL3806224,CNC(=O)c1cc(OCCCCN2CCN(c3cccc(Cl)c3Cl)CC2)ccc1Cl,340.0,
CHEMBL3805262,CNC(=O)c1cc(F)cc(OCCCCN2CCN(c3cccc(Cl)c3Cl)CC2)c1,1320.0,
CHEMBL1256737,CS(=O)(=O)O.CSc1ccc2c(c1)C(N1CCN(C)CC1)Cc1ccccc1S2,56.0,
CHEMBL3652592,Cn1nccc1-c1cc(NC(=O)C(=O)c2ccc(F)cc2)ccc1OCCN,0.025,
CHEMBL3652595,Cn1ncc(Cl)c1-c1cc(NC(=O)C2CCC(C(F)(F)F)CC2)ccc1OCCN,0.26,
CHEMBL267930,O=C(CCCN1CCC2(CC1)C(=O)NCN2c1ccccc1)c1ccc(F)cc1,5.67,
CHEMBL1214879,Cc1[nH]nc(C(=O)N2CCN(CC(=O)c3ccc(F)cc3)CC2)c1Br,4.6,
CHEMBL4065786,Cc1coc(CNc2nc(N)nc3ccn(Cc4ccccn4)c23)n1,2300.0,
CHEMBL4094458,Cc1cc(CNc2nc(N)nc3ccn(Cc4ccccn4)c23)no1,6200.0,
CHEMBL4098594,Cc1nc2n(c(=O)c1CCN1CCN(c3noc4cc(F)ccc34)CC1)CCCC2O,2.87,
CHEMBL4091554,Cc1nc2n(c(=O)c1CCN1CCN(c3cncc4sccc34)CC1)CCCC2O,65.4,
CHEMBL4101115,Cc1nc2n(c(=O)c1CCN1CCN(c3nsc4ccccc34)CC1)CCCC2Cl,60.0,
CHEMBL4102561,Cc1nc2c(O)cccn2c(=O)c1CCN1CCN(c2cccc3sccc23)CC1,71.3,
CHEMBL4128926,CC(C)(C)NS(=O)(=O)c1ccc(-c2sc(C(=O)N[C@H]3C[C@H](C(=O)O)C3)nc2CC2CCCCC2)c2ccccc12,0.64,
CHEMBL4209188,CNC(=O)c1cc(OCCCCN2CCN(c3cccc4sccc34)CC2)ccn1,154.0,
CHEMBL4210030,CNC(=O)c1cc(OCCCCN2CCC(c3noc4cc(F)ccc34)CC2)ccn1,247.0,
CHEMBL4214642,CNC(=O)c1cccc(OCCCCN2CCN(c3nsc4cc(F)ccc34)CC2)n1,42.2,
CHEMBL2111101,CC(C)COc1ccc(CNC(=O)N(Cc2ccc(F)cc2)C2CCN(C)CC2)cc1,9.0,
CHEMBL4289238,O=C1[C@@H]2[C@H](C(=O)N1CCCCN1CCN(c3cccc4sc(F)cc34)CC1)[C@H]1C=C[C@@H]2C1,82.3,
CHEMBL4279645,O=C1[C@@H]2[C@@H]3C[C@@H]([C@@H](O)[C@H]3O)[C@@H]2C(=O)N1CCCCN1CCN(c2cccc3sccc23)CC1,81.5,
CHEMBL4293999,O=C(CCCCN1CCC(c2noc3cc(F)ccc23)CC1)c1cc2c3c(c1)CCN3C(=O)CC2,257.4,
CHEMBL4534493,CCCCCCCCNC(=O)/C=C/c1cc(OC)c(OC)c(OC)c1,10000.0,
CHEMBL4646798,CCOC(=O)Cc1nn(CNC(=O)CCN2CCN(c3ccccc3OCC)CC2)c(=O)c2ccccc12,6380.0,
CHEMBL4641522,CCOC(=O)Cc1nn(CNC(=O)CCN2CCN(c3cccc(C)c3C)CC2)c(=O)c2ccccc12,442.0,
CHEMBL4638358,CCOC(=O)Cc1nn(CNC(=O)CCCN2CCN(c3ccc(C)c(C)c3)CC2)c(=O)c2c(F)cccc12,37.0,
CHEMBL4644352,O=c1n(CCCCN2CCN(c3cccc4sccc34)CC2)nc2c(F)cccn12,35.5,
CHEMBL4633978,O=c1n(CCCCN2CCN(c3cccc4sccc34)CC2)nc2ccc(Cl)cn12,144.0,
CHEMBL4636321,O=c1n(CCCCN2CCN(c3cccc4sccc34)CC2)nc2c(Cl)cccn12,368.0,
CHEMBL4634009,COc1cccc2nn(CCCCN3CCN(c4cccc5sccc45)CC3)c(=O)n12,13.0,
CHEMBL4644742,N#Cc1cccc2nn(CCCCN3CCN(c4cccc5sccc45)CC3)c(=O)n12,104.0,
CHEMBL4644391,N#Cc1ccc2nn(CCCCN3CCN(c4cccc5sccc45)CC3)c(=O)n2c1,11.0,
CHEMBL2355519,Cl.O=C(c1ccc(F)cc1)C1CCN(CCn2c(=S)[nH]c3ccccc3c2=O)CC1,1.51,
CHEMBL2206440,COc1ccccc1C1CCN(c2ccn3c(CC4CC4)nnc3c2Cl)CC1,1300.0,
CHEMBL4639821,COc1c(OCCOCCOCCOCCOc2ccc(C3CCN(c4ccn5c(CC6CC6)nnc5c4Cl)CC3)cc2)cccc1C(=O)C1CCN(CCc2ccc(F)cc2)CC1,288.4,
CHEMBL4777098,CN1CC(=O)N(CCCCN2CCN(c3cccc4sccc34)CC2)c2ccccc2C1=O,42.66,
CHEMBL5079070,CC(C)N(C)CCc1cn(C)c2cccc(O)c12,112.0,
CHEMBL3980161,Cc1nc(C)n(CC(=O)N2CCN(c3sc(C(F)(F)F)nc3-c3nc4ccc(-c5noc(C)n5)cc4[nH]3)C[C@H]2C)n1,16000.0,
CHEMBL5205903,CN1CCC(N(Cc2ccc(F)cn2)C(=O)NCc2ccc(OCC(F)(F)F)cc2)CC1,0.54,
CHEMBL5198919,CN1CCC(N(Cc2ccc(F)cn2)C(=O)NCc2ccc(OCCC(F)F)cc2)CC1,4.64,
CHEMBL5198741,CN1CCC(N(Cc2ccc(F)cn2)C(=O)NCc2ccc(OCCCCF)cc2)CC1,2.35,
CHEMBL5184297,CN1CCC(N(Cc2ccc(F)cn2)C(=O)NCc2ccc(OCC(C)(C)F)cc2)CC1,3.13,
CHEMBL5208211,CC(C)Cc1ccc(CNC(=O)N(Cc2ccc(F)cn2)C2CCN(C)CC2)cc1,26.4,
CHEMBL5193532,CC(C)COc1ccc(CNC(=O)N(Cc2ccc(F)cc2)C2CCCC(N(C)C)C2)cc1,500.0,
CHEMBL5201875,CC(C)COc1ccc(CNC(=O)N(Cc2cccc3[nH]cnc23)C2CCN(C)CC2)cc1,500.0,
CHEMBL5173149,CN1CCC(N(Cc2ccc(F)cn2)C(=O)NCc2ccc(OC(F)(F)C(F)(F)F)cc2)CC1,10.04,
CHEMBL5200074,CC(C)OCc1ccc(CNC(=O)N(Cc2ccc(F)cn2)C2CCN(C)CC2)cc1,42.78,
CHEMBL5197899,CN1CCC(N(Cc2ccc(F)cn2)C(=O)NCc2ccc3c(c2)CC(C)(C)O3)CC1,2.54,
CHEMBL5199061,CC(C)COc1ccc(CNC(=O)N(Cc2ccc(F)nn2)C2CCN(C)CC2)cc1,500.0,
CHEMBL5400876,c1ccc(N2CCN(CCCc3nc4ccccc4s3)CC2)nc1,370.0,
CHEMBL5414859,CN1CCC(N(Cc2ccc(F)cc2)C(=O)NCc2ccc3c(c2)CC(C)(C)O3)CC1,0.05012,
CHEMBL5403965,CC1COc2ccc(CNC(=O)N(Cc3ccc(F)cc3)C3CCN(C)CC3)cc21,12.6,
CHEMBL5401371,O=C1C[C@]2(CN3CCC2CC3)Oc2ccccc21,10000.0,
CHEMBL1989287,COc1ccc2c(c1OC)C[C@@H]1c3c(cc4c(c3-2)OCO4)CCN1C,564.0,
CHEMBL5715930,CCCCOc1c(OC)cc(C(=O)NCC2(N(C)C)CCOCC2)cc1OC.Cl,1300.0,
CHEMBL1852472,CCCc1nc(C(=O)NCCN2CCN(c3cccc(Cl)c3Cl)CC2)c(C)n1-c1ccccc1,39.0,
CHEMBL1852587,Cc1cccc(N2CCN(CCCNC(=O)c3nc(C)n(CC(C)C)c3C)CC2)c1C,217.0,
CHEMBL3681360,CCCc1nc(C(=O)NCC(O)CN2CCN(c3cccc(C)c3C)CC2)cn1-c1ccc(Cl)cc1,147.0,
CHEMBL1852666,Cc1nc(C(=O)NCC(O)CN2CCN(c3cccc(Cl)c3Cl)CC2)c(C)n1-c1ccc2c(c1)OCCO2,9.86,
CHEMBL4449354,O=C(c1cccn2ccnc12)N1CCN(CCc2ccccc2Cl)CC1,4.0,
CHEMBL4083333,Cc1nc2n(c(=O)c1CCN1CCN(c3cccc4sccc34)CC1)CCCC2,15.1,
CHEMBL5984307,O=C1Cc2cc(CCN3CCN(c4cccc5sccc45)CC3)ccc2N1,6.36,
CHEMBL5771063,O=C1CCc2ccc(CCN3CCN(c4cccc5sccc45)CC3)cc2N1,169.0,
CHEMBL5827903,O=c1[nH]cnc2ccc(CCCCCN3CCN(c4cccc5sccc45)CC3)cc12,201.0,
CHEMBL5988023,O=C1CCc2ccc(CCN3CCN(c4cccc5sc(F)cc45)CC3)cc2N1,257.0,
CHEMBL5785243,Cn1c(=O)[nH]c2ccc(CCN3CCN(c4cccc5sccc45)CC3)cc21,93.3,
CHEMBL5770003,COc1cc2c(N3CCN(CCc4ccc5c(c4)CCC(=O)N5)CC3)cccc2s1,1050.0,
CHEMBL5909924,O=C1COc2ccc(CCN3CCC(c4cccc5sccc45)CC3)cc2N1,173.0,
CHEMBL5830707,COc1ccc2[nH]cc(CCCCN3CCN(c4cccc5sccc45)CC3)c2c1,393.0,
CHEMBL5997477,N#Cc1ccc2[nH]cc(CCCN3CCN(c4cccc5sccc45)CC3)c2c1,819.0,
CHEMBL5858241,O=C1Cc2cc(CCN3CCN(c4cccc5sc(F)cc45)CC3)c(Cl)cc2N1,716.0,
CHEMBL6001202,CN1C(=O)COc2ccc(CCN3CCN(c4cccc5sccc45)CC3)cc21,461.0,
CHEMBL5792875,Nc1nc2cccc(CCN3CCN(c4cccc5sccc45)CC3)c2s1,15.9,
CHEMBL5904347,CC(=O)Nc1nc2ccc(CCN3CCN(c4cccc5sccc45)CC3)cc2s1,18.9,
CHEMBL5763871,Cn1nccc1-c1cc(NC(=O)NCc2ccc(Cl)cc2)ccc1OCCN1CCCC1,10.2,
CHEMBL65547,CN(C)CCc1c[nH]c2cccc(O)c12,500.0,
CHEMBL65547,CN(C)CCc1c[nH]c2cccc(O)c12,500.0,
CHEMBL5939303,COc1ccc(CCc2ccccc2OC[C@@H](CN(C)C)OC(=O)CCC(=O)O)cc1,7.5,
CHEMBL65547,CN(C)CCc1c[nH]c2cccc(O)c12,112.0,
CHEMBL5790927,CCCCC/C=C\C/C=C\CCCCCCCC(=O)Oc1cccc2[nH]cc(CCN(C)C)c12,516.0,
CHEMBL128,CNS(=O)(=O)Cc1ccc2[nH]cc(CCN(C)C)c2c1,7943.28,
CHEMBL83731,NCC1CC2c3ccccc3Cc3ccccc3N2O1,15.85,
CHEMBL310183,CN(C)CC1CC2c3ccccc3Oc3ccc(Cl)cc3N2O1,1.905,
CHEMBL83658,CN(C)CC1CC2c3ccccc3Cc3ccccc3N2O1,22.91,
CHEMBL115249,CCOc1ccc(CCOC(=O)N2CCN(CCCc3ccccc3)CC2)cc1,980.0,
CHEMBL113956,CCOc1ccc(CCNC(=O)N2CCN(CCCC(c3ccc(F)cc3)c3ccc(F)cc3)CC2)cc1,231.0,
CHEMBL84081,CN(C)CC1CC2c3ccccc3Cc3cc(F)ccc3N2O1,6.918,
CHEMBL314885,CN(C)CC1CC2c3cc(F)ccc3Cc3ccccc3N2O1,53.7,
CHEMBL131482,CC1SC2(CCCC2)C(=O)N1CCCCN1CCN(c2csc3cc(F)ccc23)CC1,8.0,
CHEMBL179234,O=C(c1ccc2nc(N3CCN(C4CC4)CC3)ccc2c1)C1CC1,10000.0,
CHEMBL179993,CCN(C(=O)Cc1ccc(S(=O)(=O)N(C)C)cc1)C1CCN(CCC(c2ccccc2)c2ccccc2)CC1,800.0,
CHEMBL54786,O=C1Cc2cc(CCN3CCN(c4cccc5ccccc45)CC3)ccc2N1,20.0,
CHEMBL436513,CC(C)(NC1=NCCNC(c2ccc(F)cc2F)=C1)C1CCC1,1.4,
CHEMBL218533,CCN(CC)C1=NCCNC(c2ccccc2F)=C1,1000.0,
CHEMBL386613,CCC1(NC2=NCCNC(c3ccccc3F)=C2)CCCC1,3.6,
CHEMBL374497,Cc1ccc(C2=CC(N3CCNCC3)=NCCN2)cc1,1000.0,
CHEMBL219265,CCC(C)(CC)NC1=NCCNC(c2ccc(F)cc2)=C1,1.5,
CHEMBL261434,Cc1cccc(N2CCN(CCCC(=O)NCc3nc4ccc(F)cc4c(=O)n3-c3ccccc3)CC2)c1C,420.0,
CHEMBL480699,COc1ccc2[nH]cc(C(=O)Nc3ccc(Oc4cccnc4C)nc3)c2c1,10000.0,
CHEMBL488911,CN(C)Cc1cc(N)ccc1Oc1ccc(Cl)c(Cl)c1,724.0,
CHEMBL488021,CNCc1cc(F)ccc1Oc1ccc(C)c(C)c1,52.4,
CHEMBL455425,CNCc1cc(C)c(C)cc1Oc1ccc(Cl)c(Cl)c1,79.4,
CHEMBL510435,CNCc1ccc(C#N)cc1Oc1ccc(Cl)c(Cl)c1,315.0,
CHEMBL455426,CNCc1cc(C(N)=O)ccc1Oc1ccc(Cl)c(Cl)c1,1550.0,
CHEMBL448461,CNCc1cc(F)ccc1Oc1ccc(Cl)c(F)c1,2010.0,
CHEMBL453630,CNC(C)c1cc(C(F)(F)F)ccc1Oc1ccc(Cl)c(Cl)c1,291.0,
CHEMBL453631,CNC(C)c1cc(C)ccc1Oc1ccc(Cl)c(Cl)c1,172.0,
CHEMBL584046,CN(C)CCn1cc(S(=O)(=O)c2cccc(Cl)c2)c2cccnc21,131.0,
CHEMBL605089,CC1CCCN(CCc2cccc3[nH]cc(S(=O)(=O)c4ccccc4)c23)C1,57.0,
CHEMBL603272,COc1ccccc1N1CCN(CCCN(CC2CC2)S(=O)(=O)c2ccc3ccccc3c2)CC1,85.8,
CHEMBL600607,O=S(=O)(c1cccc2cccnc12)N(CCCN1CCN(c2ccccc2)CC1)CC1CC1,292.0,
CHEMBL608425,COc1ccc(NC(=O)Nc2cccc(C#N)c2)cc1-c1c(Br)cnn1C,6.31,
CHEMBL596735,Cn1ncc(Br)c1-c1cc(NC(=O)Nc2ccc(Cl)cc2)ccc1OC(F)(F)F,15.85,
CHEMBL598378,Cn1ncc(Br)c1-c1cc(NC(=O)Nc2ccc(Cl)cc2)ccc1OCc1ccccc1,7.943,
CHEMBL610208,COc1ccc(NC(=O)Nc2ccc(Cl)cc2)cc1-c1c(Cl)cnn1C,0.5012,
CHEMBL606178,COc1ccc(NC(=O)Nc2ccc(Cl)cc2Cl)cc1-c1c(Br)cnn1C,1.259,
CHEMBL603061,COc1ccc(NC(=O)Nc2ccc(F)c(F)c2)cc1-c1c(Cl)cnn1C,0.5012,
CHEMBL1080727,CCn1c(-c2ccccc2)cc(C(=O)NCCCN2CCN(c3cccc(Cl)c3)CC2)c1C,92.0,
CHEMBL1086613,CCn1c(-c2ccccc2)cc(C(=O)NCCCN2CCN(c3cccc(C)c3C)CC2)c1C,75.0,
CHEMBL1086754,Cc1c(C(=O)NCCCN2CCN(c3cccc(Cl)c3Cl)CC2)cc(-c2ccccc2)n1C,46.2,
CHEMBL1092238,O=C(CNC(=O)c1cccc(C(F)(F)F)c1)N[C@@H]1CCN(CCN2CCN(C(=O)c3ccccc3Cl)CC2)C1,10000.0,
CHEMBL1213985,Cc1ccc2cccc(N3CCN(CCCNC(=O)c4cc(-c5ccccc5)n(C)c4C)CC3)c2n1,832.0,
CHEMBL1214113,CCCn1c(-c2ccccc2)cc(C(=O)NCCCN2CCN(c3cccc(OC)c3)CC2)c1C,153.0,
CHEMBL1214488,CCn1c(-c2ccc(Cl)cc2)cc(C(=O)NCCCN2CCN(c3cccc(Cl)c3Cl)CC2)c1C.Cl,153.0,
CHEMBL1221452,CN1CCN(c2cccc(N(Cc3ccccc3)S(=O)(=O)c3ccc4ccccc4c3)c2)CC1,50.0,
CHEMBL1222362,CN1CCN(c2cccc(N(C)S(=O)(=O)c3ccc4ccccc4c3)c2)CC1,1423.0,
CHEMBL1272040,COc1c(C)nc(C)nc1C(=O)NCCCN1CCN(c2cccc(C)c2C)CC1.Cl,744.0,
CHEMBL1271929,CSc1nc(C)cc(C(=O)NCCCN2CCN(c3cccc(C)c3C)CC2)n1.Cl,54.0,
CHEMBL3216738,Cc1nc(C(=O)NCCCN2CCN(c3cccc(Cl)c3Cl)CC2)c(C)n1-c1ccccc1C(F)(F)F.Cl.Cl.Cl.Cl,58.0,
CHEMBL3216508,CCCc1nc(C(=O)NCCCN2CCN(c3cccc(Cl)c3C)CC2)c(C)n1-c1ccccc1.Cl.Cl.Cl,154.0,
CHEMBL3215631,CCCc1nc(C(=O)NCCCN2CCN(c3cccc(C)c3C)CC2)cn1-c1ccccc1.Cl.Cl,133.0,
CHEMBL3215853,Cc1c(Cl)cccc1N1CCN(CCCNC(=O)c2nc(C)n(CC(C)C)c2C)CC1.Cl.Cl.Cl,45.5,
CHEMBL3215863,CCCc1nc(C(=O)NCCCN2CCN(c3cccc(Cl)c3C)CC2)cn1-c1ccc(Cl)cc1.Cl.Cl.Cl.Cl,20.0,
CHEMBL3216299,Cc1cccc(N2CCN(CC(O)CNC(=O)c3nc(C)n(-c4ccccc4)c3C)CC2)c1C.Cl.Cl,247.6,
CHEMBL3216293,CCCc1nc(C(=O)NCC(O)CN2CCN(c3cccc(Cl)c3Cl)CC2)c(C)n1-c1ccc(OC)cc1.Cl.Cl.Cl.Cl,63.1,
CHEMBL3216967,CCCc1nc(C(=O)NCC(O)CN2CCN(c3cccc(C)c3C)CC2)c(C)n1-c1ccc(OC)cc1.Cl.Cl,126.0,
CHEMBL3215846,Cc1c(C(=O)NCC(O)CN2CCN(c3cccc(Cl)c3Cl)CC2)nc(-c2ccccc2)n1-c1ccc(F)cc1.Cl.Cl.Cl.Cl,94.0,
CHEMBL3217167,Cc1nc(C(=O)NCC(O)CN2CCN(c3cccc(Cl)c3Cl)CC2)c(C)n1-c1ccc2c(c1)OCCO2.Cl.Cl.Cl.Cl,9.86,
CHEMBL3216300,CCCc1nc(C(=O)NCCN2CCN(c3cccc(Cl)c3Cl)CC2)c(C)n1-c1ccccc1.Cl.Cl.Cl.Cl,39.0,
CHEMBL3216098,Cc1nc(C(=O)NCCCN2CCN(c3cccc(Cl)c3Cl)CC2)c(C)n1-c1ccccc1.Cl.Cl.Cl.Cl,18.6,
CHEMBL357995,Cc1cc2c(OCC(CNC(C)(C)C)OC(=O)c3ccccc3)cccc2[nH]1,1581.0,
CHEMBL1403281,CC(C)C[C@H]1C(=O)N2CCC[C@H]2[C@]2(O)O[C@](NC(=O)[C@@H]3C=C4c5cccc6[nH]cc(c56)C[C@H]4N(C)C3)(C(C)C)C(=O)N12,47.0,
CHEMBL648,CN1CCN(C(c2ccccc2)c2ccccc2)CC1,225.0,
CHEMBL1732,CN1C[C@H](C(=O)N[C@]2(C)O[C@@]3(O)[C@@H]4CCCN4C(=O)[C@H](Cc4ccccc4)N3C2=O)C[C@@H]2c3cccc4[nH]cc(c34)C[C@H]21,7.955,
CHEMBL762,Cc1cc(C(C)(C)C)c(O)c(C)c1CC1=NCCN1,1285.0,
CHEMBL631,CCCNCC(O)COc1ccccc1C(=O)CCc1ccccc1,654.0,
CHEMBL1065,CC[C@@H](CO)NC(=O)[C@@H]1C=C2c3cccc4c3c(cn4C)C[C@H]2N(C)C1,13.0,
CHEMBL534,CN1CCC(=C2c3ccccc3CC(=O)c3sccc32)CC1,31.0,
CHEMBL1933401,CCc1ccc(S(=O)(=O)N(C)C2CCN(C)CC2)cc1,452.0,
CHEMBL1933404,CCCCOc1ccc(S(=O)(=O)N(C)C2CCN(C)CC2)cc1,77.0,
CHEMBL1933412,CN1CCC(N(C)S(=O)(=O)c2ccccc2F)CC1,10000.0,
CHEMBL1933572,Cc1ccc(S(=O)(=O)N(C)C2CCN(C)CC2)cc1C,5980.0,
CHEMBL2322611,COCCCOc1cc(C(=O)N(C[C@@H]2CNC[C@H]2Cc2ccccc2)C(C)C)ccc1OC.Cl,1000.0,
CHEMBL2323579,CCNC(=O)N(CCCN(C)C)C(=O)[C@@H]1C[C@@H]2c3cccc4c3c(cn4C)C[C@H]2N(C)C1,11500.0,
CHEMBL2393243,Cl.c1ccc(Cc2nc3c(c(Nc4ccccc4)n2)CCNCC3)cc1,2.69,
CHEMBL2393236,CN1CCN(c2nc3c(c(N4CCSCC4)n2)CCNCC3)CC1.Cl,10000.0,
CHEMBL2393231,CNc1nc(N2CCN(C)CC2)nc2c1CCNCC2.Cl,10000.0,
CHEMBL2393249,CCNc1nc(Nc2ccccc2)c2cn[nH]c2n1,10000.0,
CHEMBL2393271,CC1CC(C)CN(c2nc(Nc3ccc(F)cc3)c3cn[nH]c3n2)C1,5866.0,
CHEMBL2393262,Fc1ccc(Nc2nc(NC3CCCCC3)nc3[nH]ncc23)cc1,3666.0,
CHEMBL2393270,Fc1ccc(Nc2nc(N3CCCCC3)nc3[nH]ncc23)cc1,2198.0,
CHEMBL2393402,COc1cccc(Nc2nc(N3CCN(C)CC3)nc3[nH]ncc23)c1,9.1,
CHEMBL2393244,Cl.Fc1cccc(Nc2nc(Cc3ccccc3)nc3c2CCNCC3)c1,4.92,
CHEMBL3233142,CN1CCN2c3c(cccc31)[C@@H]1CN(CCCC(=O)c3ccc(F)cc3)CC[C@@H]12.Cc1ccc(S(=O)(=O)O)cc1,7.0,
CHEMBL51,O=C(c1ccc(F)cc1)C1CCN(CCn2c(=O)[nH]c3ccccc3c2=O)CC1,14.0,
CHEMBL3398397,CN(C)/C=N/N=C/c1cn(S(=O)(=O)c2cccc3ccccc23)c2cccc([N+](=O)[O-])c12,555.0,
CHEMBL3398396,COc1ccc(Cl)cc1S(=O)(=O)n1cc(/C=N/N=C/N(C)C)c2c([N+](=O)[O-])cccc21,1593.0,
CHEMBL3398391,CN(C)/C=N/N=C/c1cn(S(=O)(=O)c2ccc(I)cc2)c2cccc([N+](=O)[O-])c12,247.0,
CHEMBL3600801,O=C(NCCc1ccc(CN2CCCC2)cc1)c1ccc(-c2ccc(Cl)cc2)cc1,107.0,
CHEMBL3600828,Clc1ccc(-c2ccc(C#Cc3ccc(OCCN4CCCC4)cc3)nc2)cc1,500.0,
CHEMBL3600970,Clc1ccc(-c2ccc(CCCNc3ccc(CN4CCCCC4)cc3)cc2)cc1,680.0,
CHEMBL3601035,COc1ccc(-c2ccc(CCCNc3ccc(CN4CCC(NC(C)=O)CC4)cc3)nn2)cc1,10000.0,
CHEMBL3601042,OC1CCN(Cc2ccc(OCCCc3ccc(-c4ccc(Cl)cc4)nn3)cc2)CC1,1410.0,
CHEMBL3609160,OCCN1CCN(c2nc(Nc3ccc(Br)cc3)c3ccccc3n2)CC1,27720.0,
CHEMBL3681352,Cc1nc(C(=O)NCCCN2CCN(c3cccc(Cl)c3Cl)CC2)c(C)n1-c1ccc(Cl)cc1,30.0,
CHEMBL1852420,CCCn1c(C)nc(C(=O)NCC(O)CN2CCN(c3cccc(C)c3C)CC2)c1C,840.0,
CHEMBL3681361,COc1cc(OC)cc(-n2c(C)nc(C(=O)NCCN3CCN(c4cccc(C)c4C)CC3)c2C)c1,97.0,
CHEMBL1852333,CCCc1nc(C(=O)NCCCN2CCN(c3cccc(C)c3C)CC2)cn1-c1ccccc1,133.0,
CHEMBL3681369,Cc1ccc(-n2c(C)nc(C(=O)NCCCN3CCN(c4cccc(C)c4C)CC3)c2C)cc1,33.0,
CHEMBL3805600,CC(=O)Nc1cccc(OCCCCN2CCN(c3cccc(Cl)c3Cl)CC2)c1,1050.0,
CHEMBL3805860,CNC(=O)c1cccc(OCCCCN2CCN(c3nsc4ccccc34)CC2)c1,180.0,
CHEMBL3804965,CNC(=O)c1cc(OCCCCN2CCN(c3cccc4c3OC(F)(F)O4)CC2)ccc1F,1900.0,
CHEMBL3805077,CNC(=O)c1cccc(OCCCCN2CCN(c3cccc(Cl)c3Cl)CC2)c1,1100.0,
CHEMBL3806047,CNC(=O)c1cc(C)cc(OCCCCN2CCN(c3cccc(Cl)c3Cl)CC2)c1,1400.0,
CHEMBL3962267,Cn1cc(Cl)c(C(=O)N2CCN(CCc3ccccc3F)CC2)n1,36.0,
CHEMBL4062936,Cc1nc2n(c(=O)c1CCN1CCC(c3noc4cc(F)ccc34)CC1)CCCC2F,25.0,
CHEMBL4082084,Cc1nc2n(c(=O)c1CCN1CCC(c3noc4cc(F)ccc34)CC1)CCCC2(C)O,9.5,
CHEMBL85,Cc1nc2n(c(=O)c1CCN1CCC(c3noc4cc(F)ccc34)CC1)CCCC2,4.67,
CHEMBL4102670,Cc1nc2n(c(=O)c1CCN1CCN(c3cccc4sccc34)CC1)CCCC2O,2.9,
CHEMBL4078409,Cc1nc2n(c(=O)c1CCN1CCC(c3cccc4sccc34)CC1)CCCC2.Cl,5.12,
CHEMBL4094926,Cc1nc2n(c(=O)c1CCN1CCC(c3cccc4sccc34)CC1)CCCC2O,7.66,
CHEMBL4094825,Cc1nc2ccccn2c(=O)c1CCN1CCN(c2cccc3sccc23)CC1,9.14,
CHEMBL4202871,O=C(NC1CC1)c1cc(OCCCCN2CCN(c3nsc4ccccc34)CC2)ccn1,324.0,
CHEMBL4212622,O=C(NC1CC1)c1cc(OCCCCN2CCC(c3noc4cc(F)ccc34)CC2)ccn1,167.0,
CHEMBL4209942,Oc1ccccc1C1=NC(Cc2c[nH]cn2)C(c2ccccc2)S1,13000.0,
CHEMBL74355,COc1cccc([C@H](O)C2CCN(CCc3ccc(F)cc3)CC2)c1OC,4.786,
CHEMBL4292250,O=C1[C@@H]2[C@H]3CC[C@H](C3)[C@@H]2C(=O)N1CCCCN1CCN(c2ccc3ccsc3c2)CC1,130.0,
CHEMBL285157,C1=C(c2c[nH]c3ccccc23)CCN(Cc2ccccc2)C1,2630.27,
CHEMBL85,Cc1nc2n(c(=O)c1CCN1CCC(c3noc4cc(F)ccc34)CC1)CCCC2,0.7079,
CHEMBL85,Cc1nc2n(c(=O)c1CCN1CCC(c3noc4cc(F)ccc34)CC1)CCCC2,0.72,
CHEMBL4449354,O=C(c1cccn2ccnc12)N1CCN(CCc2ccccc2Cl)CC1,4.0,
CHEMBL4645512,CCOC(=O)Cc1nn(CNC(=O)CCCN2CCN(c3cccc(C)c3C)CC2)c(=O)c2ccccc12,98.0,
CHEMBL4633397,O=c1n(CCCCN2CCN(c3cccc4scnc34)CC2)nc2c(F)cccn12,77.8,
CHEMBL2107510,Cl.O=C(NCCN1CCN(c2ncccn2)CC1)C12CC3CC(CC(C3)C1)C2,33.7,
CHEMBL2206440,COc1ccccc1C1CCN(c2ccn3c(CC4CC4)nnc3c2Cl)CC1,1288.25,
CHEMBL4754651,CCCN(CCCN1CCN(c2ccccn2)CC1)C(=O)c1ccccc1,7549.0,
CHEMBL4751911,O=C(c1ccccc1)N(CCCN1CCC(c2noc3cc(F)ccc23)CC1)CC1CC1,40.8,
CHEMBL4776840,O=S(=O)(c1ccccc1)N(CCCN1CCC(c2noc3cc(F)ccc23)CC1)C1COC1,9.3,
CHEMBL4741908,O=C1COc2ccccc2N1CCCCN1CCN(c2cccc3sccc23)CC1,1.64,
CHEMBL5181824,CC(C)COc1ccc(CNC(=O)N(Cc2ccc(F)cc2)C2CCN(CCN(C)C)CC2)cc1,75.4,
CHEMBL5199061,CC(C)COc1ccc(CNC(=O)N(Cc2ccc(F)nn2)C2CCN(C)CC2)cc1,14.7,
CHEMBL5200635,CC(C)COc1ccc(CNC(=O)N(Cc2ncc(F)cc2F)C2CCN(C)CC2)cc1,43.2,
CHEMBL5173703,CN1CCC(N(Cc2ccc(F)cn2)C(=O)NCc2ccc(OCCCF)cc2)CC1,1.93,
CHEMBL5200074,CC(C)OCc1ccc(CNC(=O)N(Cc2ccc(F)cn2)C2CCN(C)CC2)cc1,2.05,
CHEMBL5192882,CN1CCC(N(Cc2ccc(F)cn2)C(=O)NCc2ccc(OCC(F)(F)F)c(C(F)(F)F)c2)CC1,27.3,
CHEMBL5198741,CN1CCC(N(Cc2ccc(F)cn2)C(=O)NCc2ccc(OCCCCF)cc2)CC1,32.8,
CHEMBL5194545,CN1CCC(N(Cc2ccc(F)cn2)C(=O)NCc2ccc3c(c2)CCC(C)(C)O3)CC1,127.0,
CHEMBL5188950,CN1CCC(N(Cc2ccc(F)cn2)C(=O)NCc2ccc(OCC(F)(F)F)c(Cl)c2)CC1,134.1,
CHEMBL5078078,CC(C)(O)c1ccc(N2Cc3c(ccnc3-c3ccc(F)cc3OCC(F)(F)F)C2=O)cc1,10000.0,
CHEMBL5403965,CC1COc2ccc(CNC(=O)N(Cc3ccc(F)cc3)C3CCN(C)CC3)cc21,0.1585,
CHEMBL5419552,Cl.Cl.N[C@@H](Cc1ccc(OCCCCN2CCC(c3noc4cc(F)ccc34)CC2)cc1)C(=O)O,3.6,
CHEMBL5424175,Brc1ccc2[nH]nc(C3=CCCNC3)c2c1,15.0,
CHEMBL5435945,O=C1C[C@@]2(CN3CCC2CC3)Oc2c1ccc1ccccc21,100000.0,
CHEMBL2414990,COc1cc2c3c(c1OC)-c1ccccc1CC3N(C)CC2,478.0,
CHEMBL5567330,COc1ccc2c(c1)N(CCN(C)C)/C(=C/C(C)=O)S2.O=C(O)/C=C/C(=O)O,30000.0,
CHEMBL5573789,COc1ccc(OC)c(/C=C2\N=C(N)NC2=O)c1.Cl,887.0,
CHEMBL5619208,O=c1ccc2ccc(CCCCCN3CCN(c4cccc5sncc45)CC3)cc2[nH]1,358.0,
CHEMBL1852485,COc1ccc(-n2c(C)nc(C(=O)NCCCN3CCN(c4cccc(Cl)c4Cl)CC3)c2C)cc1,20.0,
CHEMBL1852346,COc1ccccc1-n1c(C)nc(C(=O)NCCCN2CCN(c3cccc(C)c3C)CC2)c1C,144.0,
CHEMBL3940285,Cc1[nH]nc(C(=O)N2CCN(CC(=O)c3ccc(F)cc3)CC2)c1F,11.0,
CHEMBL5815712,O=C(c1cccn2cc(-c3ccccc3)nc12)N1CCN(CCc2ccc(F)cc2)CC1,46.0,
CHEMBL4102670,Cc1nc2n(c(=O)c1CCN1CCN(c3cccc4sccc34)CC1)CCCC2O,2.9,
CHEMBL5849312,O=C1Cc2c(CCN3CCN(c4cccc5sccc45)CC3)cccc2N1,8.46,
CHEMBL6028182,O=c1[nH]c2ccc(CCN3CCN(c4cccc5sccc45)CC3)cc2o1,4.82,
CHEMBL5851827,O=C1CCc2cc(CCCCN3CCN(c4cccc5sc(F)cc45)CC3)ccc2N1,874.0,
CHEMBL5766708,O=C1COc2ccc(CCN3CCN(c4cc(F)cc5sccc45)CC3)cc2N1,328.0,
CHEMBL6048629,O=C1Cc2cc(CCN3CCC(c4cccc5sccc45)CC3)ccc2N1,11.5,
CHEMBL5204826,CN1CCC[C@@H]1Cc1c[nH]c2cccc(O)c12,500.0,
CHEMBL5221680,CN1CCC[C@H]1Cc1c[nH]c2cccc(OCc3ccccc3)c12,5000.0,
CHEMBL5930201,COc1ccc(CCc2ccccc2OC[C@H](CN(C)C)OC(=O)CCC(=O)O)cc1,11.0,
,,,active
,,,active
,,,active
,,,active
,,,active
,,,inactive
,,,inactive
,,,active
,,,intermmediate
,,,intermmediate
,,,active
,,,intermmediate
,,,active
,,,active
,,,active
,,,active
,,,active
,,,inactive
,,,active
,,,active
,,,active
,,,active
,,,active
,,,active
,,,active
,,,active
,,,active
,,,active
,,,active
,,,active
,,,active
,,,active
,,,active
,,,active
,,,active
,,,active
,,,active
,,,active
,,,active
,,,active
,,,active
,,,active
,,,active
,,,active
,,,active
,,,active
,,,active
,,,active
,,,active
,,,active
,,,active
,,,active
,,,active
,,,active
,,,active
,,,active
,,,active
,,,active
,,,active
,,,active
,,,active
,,,active
,,,active
,,,active
,,,active
,,,active
,,,active
,,,active
,,,active
,,,active
,,,active
,,,intermmediate
,,,active
,,,active
,,,active
,,,active
,,,intermmediate
,,,active
,,,intermmediate
,,,inactive
,,,active
,,,active
,,,active
,,,inactive
,,,intermmediate
,,,intermmediate
,,,intermmediate
,,,active
,,,active
,,,inactive
,,,active
,,,active
,,,intermmediate
,,,active
,,,intermmediate
,,,active
,,,active
,,,active
,,,active
,,,active
,,,active
,,,intermmediate
,,,active
,,,active
,,,active
,,,active
,,,intermmediate
,,,active
,,,inactive
,,,active
,,,active
,,,active
,,,active
,,,active
,,,active
,,,active
,,,intermmediate
,,,intermmediate
,,,active
,,,active
,,,active
,,,active
,,,active
,,,active
,,,intermmediate
,,,active
,,,active
,,,active
,,,intermmediate
,,,active
,,,active
,,,intermmediate
,,,active
,,,active
,,,active
,,,active
,,,intermmediate
,,,inactive
,,,intermmediate
,,,active
,,,inactive
,,,active
,,,active
,,,active
,,,active
,,,active
,,,active
,,,active
,,,active
,,,active
,,,active
,,,active
,,,active
,,,active
,,,active
,,,active
,,,inactive
,,,inactive
,,,inactive
,,,active
,,,active
,,,active
,,,active
,,,active
,,,active
,,,active
,,,active
,,,active
,,,active
,,,active
,,,active
,,,active
,,,active
,,,active
,,,active
,,,active
,,,intermmediate
,,,active
,,,active
,,,active
,,,active
,,,intermmediate
,,,intermmediate
,,,active
,,,active
,,,active
,,,active
,,,active
,,,intermmediate
,,,intermmediate
,,,active
,,,intermmediate
,,,active
,,,active
,,,active
,,,active
,,,active
,,,active
,,,intermmediate
,,,inactive
,,,active
,,,active
,,,intermmediate
,,,active
,,,active
,,,active
,,,active
,,,intermmediate
,,,active
,,,active
,,,active
,,,active
,,,active
,,,intermmediate
,,,intermmediate
,,,active
,,,active
,,,active
,,,active
,,,active
,,,active
,,,active
,,,active
,,,active
,,,intermmediate
,,,active
,,,active
,,,active
,,,inactive
,,,inactive
,,,active
,,,active
,,,active
,,,active
,,,active
,,,active
,,,active
,,,active
,,,active
,,,active
,,,active
,,,active
,,,active
,,,active
,,,active
,,,active
,,,active
,,,active
,,,active
,,,active
,,,intermmediate
,,,active
,,,active
,,,intermmediate
,,,active
,,,active
,,,active
,,,active
,,,intermmediate
,,,active
,,,active
,,,intermmediate
,,,intermmediate
,,,active
,,,intermmediate
,,,intermmediate
,,,intermmediate
,,,intermmediate
,,,active
,,,active
,,,active
,,,active
,,,active
,,,inactive
,,,inactive
,,,inactive
,,,intermmediate
,,,intermmediate
,,,intermmediate
,,,intermmediate
,,,intermmediate
,,,active
,,,active
,,,active
,,,active
,,,active
,,,active
,,,intermmediate
,,,intermmediate
,,,inactive
,,,inactive
,,,intermmediate
,,,active
,,,active
,,,active
,,,active
,,,active
,,,active
,,,active
,,,active
,,,inactive
,,,intermmediate
,,,active
,,,active
,,,active
,,,intermmediate
,,,active
,,,active
,,,active
,,,intermmediate
,,,inactive
,,,intermmediate
,,,intermmediate
,,,active
,,,active
,,,active
,,,active
,,,active
,,,active
,,,active
,,,active
,,,active
,,,active
,,,active
,,,inactive
,,,active
,,,inactive
,,,active
,,,active
,,,active
,,,active
,,,active
,,,active
,,,active
,,,active
,,,active
,,,active
,,,active
,,,active
,,,active
,,,active
,,,active
,,,active
,,,active
,,,active
,,,active
,,,active
,,,active
,,,active
,,,active
,,,active
,,,active
,,,active
,,,active
,,,active
,,,intermmediate
,,,active
,,,active
,,,active
,,,active
,,,active
,,,active
,,,active
,,,inactive
,,,active
,,,intermmediate
,,,active
,,,active
,,,active
,,,active
,,,active
,,,active
,,,active
,,,inactive
,,,inactive
,,,inactive
,,,active
,,,active
,,,active
,,,intermmediate
,,,active
,,,active
,,,active
,,,active
,,,intermmediate
,,,active
,,,active
,,,active
,,,active
,,,active
,,,active
,,,active
,,,intermmediate
,,,active
,,,active
,,,active
,,,active
,,,active
,,,active
,,,active
,,,intermmediate
,,,active
,,,intermmediate
,,,inactive
,,,intermmediate
,,,active
,,,active
,,,active
,,,active
,,,active
,,,active
,,,intermmediate
,,,active
,,,intermmediate
,,,active
,,,intermmediate
,,,active
,,,inactive
,,,inactive
,,,inactive
,,,active
,,,active
,,,active
,,,intermmediate
,,,active
,,,active
,,,active
,,,active
,,,inactive
,,,inactive
,,,intermmediate
,,,active
,,,active
,,,active
,,,active
,,,active
,,,active
,,,active
,,,active
,,,active
,,,active
,,,intermmediate
,,,active
,,,active
,,,intermmediate
,,,active
,,,intermmediate
,,,active
,,,active
,,,active
,,,active
,,,active
,,,intermmediate
,,,intermmediate
,,,active
,,,active
,,,active
,,,active
,,,active
,,,active
,,,active
,,,active
,,,active
,,,active
,,,active
,,,active
,,,inactive
,,,intermmediate
,,,active
,,,active
,,,active
,,,active
,,,active
,,,active
,,,active
,,,intermmediate
,,,active
,,,active
,,,active
,,,inactive
,,,active
,,,active
,,,active
,,,active
,,,active
,,,active
,,,active
,,,active
,,,active
,,,active
,,,active
,,,active
,,,active
,,,inactive
,,,active
,,,intermmediate
,,,active
,,,active
,,,active
,,,active
,,,active
,,,active
,,,active
,,,active
,,,active
,,,intermmediate
,,,active
,,,active
,,,active
,,,active
,,,active
,,,active
,,,active
,,,active
,,,active
,,,active
,,,active
,,,active
,,,active
,,,active
,,,active
,,,active
,,,active
,,,active
,,,active
,,,active
,,,active
,,,inactive
,,,active
,,,active
,,,active
,,,active
,,,active
,,,active
,,,active
,,,active
,,,inactive
,,,active
,,,active
,,,active
,,,active
,,,intermmediate
,,,intermmediate
,,,active
,,,active
,,,active
,,,active
,,,active
,,,active
,,,active
,,,active
,,,active
,,,active
,,,active
,,,active
,,,active
,,,active
,,,inactive
,,,active
,,,active
,,,active
,,,active
,,,active
,,,active
,,,active
,,,active
,,,active
,,,active
,,,active
,,,active
,,,active
,,,active
,,,active
,,,active
,,,intermmediate
,,,active
,,,active
,,,active
,,,intermmediate
,,,active
,,,active
,,,active
,,,active
,,,active
,,,inactive
,,,intermmediate
,,,active
,,,inactive
,,,active
,,,inactive
,,,inactive
,,,inactive
,,,intermmediate
,,,intermmediate
,,,intermmediate
,,,active
,,,active
,,,active
,,,active
,,,active
,,,intermmediate
,,,active
,,,active
,,,active
,,,active
,,,inactive
,,,intermmediate
,,,inactive
,,,active
,,,active
,,,active
,,,active
,,,active
,,,intermmediate
,,,active
,,,intermmediate
,,,intermmediate
,,,intermmediate
,,,active
,,,active
,,,active
,,,active
,,,active
,,,active
,,,active
,,,active
,,,active
,,,active
,,,inactive
,,,active
,,,active
,,,intermmediate
,,,active
,,,active
,,,active
,,,active
,,,active
,,,active
,,,intermmediate
,,,intermmediate
,,,active
,,,active
,,,active
,,,active
,,,active
,,,active
,,,active
,,,active
,,,inactive
,,,inactive
,,,active
,,,active
,,,active
,,,active
,,,active
,,,active
,,,active
,,,active
,,,active
,,,active
,,,active
,,,active
,,,active
,,,intermmediate
,,,active
